-- MySQL dump 10.13  Distrib 5.7.17, for Win64 (x86_64)
--
-- Host: localhost    Database: acceptance
-- ------------------------------------------------------
-- Server version	5.7.17-log

/*!40101 SET @OLD_CHARACTER_SET_CLIENT=@@CHARACTER_SET_CLIENT */;
/*!40101 SET @OLD_CHARACTER_SET_RESULTS=@@CHARACTER_SET_RESULTS */;
/*!40101 SET @OLD_COLLATION_CONNECTION=@@COLLATION_CONNECTION */;
/*!40101 SET NAMES utf8 */;
/*!40103 SET @OLD_TIME_ZONE=@@TIME_ZONE */;
/*!40103 SET TIME_ZONE='+00:00' */;
/*!40014 SET @OLD_UNIQUE_CHECKS=@@UNIQUE_CHECKS, UNIQUE_CHECKS=0 */;
/*!40014 SET @OLD_FOREIGN_KEY_CHECKS=@@FOREIGN_KEY_CHECKS, FOREIGN_KEY_CHECKS=0 */;
/*!40101 SET @OLD_SQL_MODE=@@SQL_MODE, SQL_MODE='NO_AUTO_VALUE_ON_ZERO' */;
/*!40111 SET @OLD_SQL_NOTES=@@SQL_NOTES, SQL_NOTES=0 */;

--
-- Table structure for table `k_datasource`
--

DROP TABLE IF EXISTS `k_datasource`;
/*!40101 SET @saved_cs_client     = @@character_set_client */;
/*!40101 SET character_set_client = utf8 */;
CREATE TABLE `k_datasource` (
  `dsid` int(11) NOT NULL AUTO_INCREMENT COMMENT '数据源ID',
  `dsname` varchar(100) DEFAULT NULL COMMENT '名称',
  `dataurl` varchar(255) DEFAULT NULL COMMENT '数据源地址',
  `param` varchar(255) DEFAULT NULL COMMENT '参数',
  `enabled` int(11) DEFAULT '0' COMMENT '是否可用',
  `last_modify_time` datetime DEFAULT CURRENT_TIMESTAMP ON UPDATE CURRENT_TIMESTAMP COMMENT '最后修改时间',
  `create_time` datetime DEFAULT CURRENT_TIMESTAMP COMMENT '创建时间',
  PRIMARY KEY (`dsid`)
) ENGINE=InnoDB AUTO_INCREMENT=12 DEFAULT CHARSET=utf8 COMMENT='数据源';
/*!40101 SET character_set_client = @saved_cs_client */;

--
-- Dumping data for table `k_datasource`
--

LOCK TABLES `k_datasource` WRITE;
/*!40000 ALTER TABLE `k_datasource` DISABLE KEYS */;
INSERT INTO `k_datasource` VALUES (1,'设备类别','/kconf/lookup/json?typeid=deviceTypeCategory',NULL,0,'2016-12-14 21:23:58','2016-12-14 21:08:24'),(4,'部门树','/kconf/department/json',NULL,0,'2016-10-25 11:23:34','2016-10-25 11:23:34'),(5,'项目类型','/kconf/lookup/json?typeid=project_type',NULL,0,'2016-11-01 16:22:34','2016-11-01 16:22:34'),(6,'设备类型','/app/devicetype/json',NULL,0,'2016-11-02 21:37:16','2016-11-02 21:37:16'),(7,'标准卡类型','/app/cardtype/json',NULL,0,'2016-11-02 21:38:28','2016-11-02 21:38:28'),(8,'检查方式','/kconf/lookup/json?typeid=checktype',NULL,0,'2016-11-04 10:33:59','2016-11-04 10:33:59'),(9,'新增任务设备类型名','/app/devicetype/deviceTypeName',NULL,0,'2016-11-10 14:23:41','2016-11-10 14:23:41'),(10,'附件类型','/kconf/lookup/json?typeid=attachmentType',NULL,0,'2016-11-11 15:39:52','2016-11-11 15:39:52'),(11,'设备类型名称','/app/devicetype/deviceTypeName',NULL,0,'2016-12-21 14:10:37','2016-12-21 14:09:23');
/*!40000 ALTER TABLE `k_datasource` ENABLE KEYS */;
UNLOCK TABLES;

--
-- Table structure for table `k_department`
--

DROP TABLE IF EXISTS `k_department`;
/*!40101 SET @saved_cs_client     = @@character_set_client */;
/*!40101 SET character_set_client = utf8 */;
CREATE TABLE `k_department` (
  `did` int(100) NOT NULL AUTO_INCREMENT COMMENT '部门ID',
  `dname` varchar(100) COLLATE utf8_bin DEFAULT NULL COMMENT '部门名称',
  `pid` varchar(100) COLLATE utf8_bin DEFAULT NULL COMMENT '上级部门',
  `enabled` int(11) DEFAULT '0' COMMENT '是否可用',
  `last_modify_time` datetime DEFAULT CURRENT_TIMESTAMP ON UPDATE CURRENT_TIMESTAMP COMMENT '最后修改时间',
  `create_time` datetime DEFAULT CURRENT_TIMESTAMP COMMENT '创建时间',
  `type` varchar(100) COLLATE utf8_bin DEFAULT NULL COMMENT '部门类型',
  PRIMARY KEY (`did`)
) ENGINE=InnoDB AUTO_INCREMENT=2 DEFAULT CHARSET=utf8 COLLATE=utf8_bin COMMENT='部门';
/*!40101 SET character_set_client = @saved_cs_client */;

--
-- Dumping data for table `k_department`
--

LOCK TABLES `k_department` WRITE;
/*!40000 ALTER TABLE `k_department` DISABLE KEYS */;
INSERT INTO `k_department` VALUES (1,'宁夏电力司',NULL,0,'2017-01-05 18:23:59','2016-10-20 19:44:43','调度');
/*!40000 ALTER TABLE `k_department` ENABLE KEYS */;
UNLOCK TABLES;

--
-- Table structure for table `k_iefield`
--

DROP TABLE IF EXISTS `k_iefield`;
/*!40101 SET @saved_cs_client     = @@character_set_client */;
/*!40101 SET character_set_client = utf8 */;
CREATE TABLE `k_iefield` (
  `iefid` int(11) NOT NULL AUTO_INCREMENT,
  `ieid` int(11) DEFAULT NULL COMMENT '配置ID',
  `field_name` varchar(100) DEFAULT NULL COMMENT '字段名称',
  `field_alias` varchar(100) DEFAULT NULL COMMENT '别名',
  `width` int(100) DEFAULT NULL COMMENT '宽度',
  `format` varchar(100) DEFAULT NULL COMMENT '显示格式',
  `sort` int(11) DEFAULT NULL COMMENT '字段顺序',
  `remark` text COMMENT '备注',
  `enabled` int(11) DEFAULT '0',
  `type` int(11) DEFAULT '1' COMMENT 'ImageType = 3,StringType = 1,DoubleType = 10',
  `text_align` int(11) DEFAULT '2' COMMENT '对齐方式，2=center,1=left,3=right,',
  `required` int(11) DEFAULT '0' COMMENT '是否必须导入',
  `allow_blank` int(11) DEFAULT '0' COMMENT '导入时是否允许为空',
  `list_sql` varchar(500) DEFAULT NULL COMMENT '导出时数据获取',
  PRIMARY KEY (`iefid`)
) ENGINE=InnoDB AUTO_INCREMENT=2803 DEFAULT CHARSET=utf8 COMMENT='导出字段配置';
/*!40101 SET character_set_client = @saved_cs_client */;

--
-- Dumping data for table `k_iefield`
--

LOCK TABLES `k_iefield` WRITE;
/*!40000 ALTER TABLE `k_iefield` DISABLE KEYS */;
INSERT INTO `k_iefield` VALUES (1849,69,'id','ID',20,NULL,0,NULL,0,1,2,0,0,NULL),(1850,70,'id','ID',20,NULL,5,NULL,0,1,2,0,0,NULL),(1851,69,'name','名称',20,NULL,10,NULL,0,1,2,0,0,NULL),(1852,70,'name','名称',20,NULL,15,NULL,0,1,2,0,0,NULL),(1853,69,'flow','验收流程key，数据来源config表',20,NULL,20,NULL,0,1,2,0,0,NULL),(1854,70,'flow','验收流程key，数据来源config表',20,NULL,25,NULL,0,1,2,0,0,NULL),(1855,69,'type','验收卡类型的key',20,NULL,30,NULL,0,1,2,0,0,NULL),(1856,70,'type','验收卡类型的key',20,NULL,35,NULL,0,1,2,0,0,NULL),(1857,69,'dtid','设备类型id，数据来源device_type',20,NULL,40,NULL,0,1,2,0,0,NULL),(1858,70,'dtid','设备类型id，数据来源device_type',20,NULL,45,NULL,0,1,2,0,0,NULL),(1859,69,'showgcmc','是否展示工程名称。1展示，0不展示',20,NULL,50,NULL,0,1,2,0,0,NULL),(1860,70,'showgcmc','是否展示工程名称。1展示，0不展示',20,NULL,55,NULL,0,1,2,0,0,NULL),(1861,69,'showsjdw','是否展示设计单位。1展示，0不展示',20,NULL,60,NULL,0,1,2,0,0,NULL),(1862,70,'showsjdw','是否展示设计单位。1展示，0不展示',20,NULL,65,NULL,0,1,2,0,0,NULL),(1863,69,'showysdw','是否展示验收单位。1展示，0不展示',20,NULL,70,NULL,0,1,2,0,0,NULL),(1864,70,'showysdw','是否展示验收单位。1展示，0不展示',20,NULL,75,NULL,0,1,2,0,0,NULL),(1865,69,'showysrq','是否展示验收日期。1展示，0不展示',20,NULL,80,NULL,0,1,2,0,0,NULL),(1866,70,'showysrq','是否展示验收日期。1展示，0不展示',20,NULL,85,NULL,0,1,2,0,0,NULL),(1867,69,'showsccj','是否展示生产厂家。1展示，0不展示',20,NULL,90,NULL,0,1,2,0,0,NULL),(1868,70,'showsccj','是否展示生产厂家。1展示，0不展示',20,NULL,95,NULL,0,1,2,0,0,NULL),(1869,69,'showsbxh','是否展示设备型号。1展示，0不展示',20,NULL,100,NULL,0,1,2,0,0,NULL),(1870,70,'showsbxh','是否展示设备型号。1展示，0不展示',20,NULL,105,NULL,0,1,2,0,0,NULL),(1871,69,'showscgh','是否展示生产工号。1展示，0不展示',20,NULL,110,NULL,0,1,2,0,0,NULL),(1872,70,'showscgh','是否展示生产工号。1展示，0不展示',20,NULL,115,NULL,0,1,2,0,0,NULL),(1873,69,'showccbh','是否展示出厂编号。1展示，0不展示',20,NULL,120,NULL,0,1,2,0,0,NULL),(1874,70,'showccbh','是否展示出厂编号。1展示，0不展示',20,NULL,125,NULL,0,1,2,0,0,NULL),(1875,69,'showbdsmc','是否展示变电所名称。1展示，0不展示',20,NULL,130,NULL,0,1,2,0,0,NULL),(1876,70,'showbdsmc','是否展示变电所名称。1展示，0不展示',20,NULL,135,NULL,0,1,2,0,0,NULL),(1877,69,'showsbmcbh','是否展示设备名称编号。1展示，0不展示',20,NULL,140,NULL,0,1,2,0,0,NULL),(1878,70,'showsbmcbh','是否展示设备名称编号。1展示，0不展示',20,NULL,145,NULL,0,1,2,0,0,NULL),(1879,69,'remark','备注',20,NULL,150,NULL,0,1,2,0,0,NULL),(1880,70,'remark','备注',20,NULL,155,NULL,0,1,2,0,0,NULL),(1881,69,'createtime','创建时间',20,NULL,160,NULL,0,1,2,0,0,NULL),(1882,70,'createtime','创建时间',20,NULL,165,NULL,0,1,2,0,0,NULL),(1883,71,'id','ID',20,NULL,0,NULL,0,1,2,0,0,NULL),(1884,72,'id','ID',20,NULL,5,NULL,0,1,2,0,0,NULL),(1885,71,'name','抄录名称',20,NULL,10,NULL,0,1,2,0,0,NULL),(1886,72,'name','抄录名称',20,NULL,15,NULL,0,1,2,0,0,NULL),(1887,71,'unit','抄录单位',20,NULL,20,NULL,0,1,2,0,0,NULL),(1888,72,'unit','抄录单位',20,NULL,25,NULL,0,1,2,0,0,NULL),(1889,71,'cid','标准卡ID',20,NULL,30,NULL,0,1,2,0,0,NULL),(1890,72,'cid','标准卡ID',20,NULL,35,NULL,0,1,2,0,0,NULL),(1891,71,'ciid','抄录小项ID',20,NULL,40,NULL,0,1,2,0,0,NULL),(1892,72,'ciid','抄录小项ID',20,NULL,45,NULL,0,1,2,0,0,NULL),(1893,71,'sort','顺序',20,NULL,50,NULL,0,1,2,0,0,NULL),(1894,72,'sort','顺序',20,NULL,55,NULL,0,1,2,0,0,NULL),(1895,71,'remark','备注',20,NULL,60,NULL,0,1,2,0,0,NULL),(1896,72,'remark','备注',20,NULL,65,NULL,0,1,2,0,0,NULL),(1897,71,'createtime','创建时间',20,NULL,70,NULL,0,1,2,0,0,NULL),(1898,72,'createtime','创建时间',20,NULL,75,NULL,0,1,2,0,0,NULL),(1899,73,'id','ID',20,NULL,0,NULL,0,1,2,0,0,NULL),(1900,74,'id','ID',20,NULL,5,NULL,0,1,2,0,0,NULL),(1901,73,'name','名称',20,NULL,10,NULL,0,1,2,0,0,NULL),(1902,74,'name','名称',20,NULL,15,NULL,0,1,2,0,0,NULL),(1903,73,'checktype','检查方式',20,NULL,20,NULL,0,1,2,0,0,NULL),(1904,74,'checktype','检查方式',20,NULL,25,NULL,0,1,2,0,0,NULL),(1905,73,'cid','标准卡ID',20,NULL,30,NULL,0,1,2,0,0,NULL),(1906,74,'cid','标准卡ID',20,NULL,35,NULL,0,1,2,0,0,NULL),(1907,73,'citid','验收类型ID',20,NULL,40,NULL,0,1,2,0,0,NULL),(1908,74,'citid','验收类型ID',20,NULL,45,NULL,0,1,2,0,0,NULL),(1909,73,'sort','排序',20,NULL,50,NULL,0,1,2,0,0,NULL),(1910,74,'sort','排序',20,NULL,55,NULL,0,1,2,0,0,NULL),(1911,73,'remark','备注',20,NULL,60,NULL,0,1,2,0,0,NULL),(1912,74,'remark','备注',20,NULL,65,NULL,0,1,2,0,0,NULL),(1913,73,'createtime','创建时间',20,NULL,70,NULL,0,1,2,0,0,NULL),(1914,74,'createtime','创建时间',20,NULL,75,NULL,0,1,2,0,0,NULL),(1915,75,'id','ID',20,NULL,0,NULL,0,1,2,0,0,NULL),(1916,76,'id','ID',20,NULL,5,NULL,0,1,2,0,0,NULL),(1917,75,'name','名称',20,NULL,10,NULL,0,1,2,0,0,NULL),(1918,76,'name','名称',20,NULL,15,NULL,0,1,2,0,0,NULL),(1919,75,'cid','标准卡Id',20,NULL,20,NULL,0,1,2,0,0,NULL),(1920,76,'cid','标准卡Id',20,NULL,25,NULL,0,1,2,0,0,NULL),(1921,75,'sort','排序',20,NULL,30,NULL,0,1,2,0,0,NULL),(1922,76,'sort','排序',20,NULL,35,NULL,0,1,2,0,0,NULL),(1923,75,'remark','备注',20,NULL,40,NULL,0,1,2,0,0,NULL),(1924,76,'remark','备注',20,NULL,45,NULL,0,1,2,0,0,NULL),(1925,75,'createtime','创建时间',20,NULL,50,NULL,0,1,2,0,0,NULL),(1926,76,'createtime','创建时间',20,NULL,55,NULL,0,1,2,0,0,NULL),(1927,77,'id','ID',20,NULL,0,NULL,0,1,2,0,0,NULL),(1928,78,'id','ID',20,NULL,5,NULL,0,1,2,0,0,NULL),(1929,77,'description','验收标准内容',20,NULL,10,NULL,0,1,2,0,0,NULL),(1930,78,'description','验收标准内容',20,NULL,15,NULL,0,1,2,0,0,NULL),(1931,77,'cid','标准卡ID',20,NULL,20,NULL,0,1,2,0,0,NULL),(1932,78,'cid','标准卡ID',20,NULL,25,NULL,0,1,2,0,0,NULL),(1933,77,'ciid','验收小项Id',20,NULL,30,NULL,0,1,2,0,0,NULL),(1934,78,'ciid','验收小项Id',20,NULL,35,NULL,0,1,2,0,0,NULL),(1935,77,'sort','排序',20,NULL,40,NULL,0,1,2,0,0,NULL),(1936,78,'sort','排序',20,NULL,45,NULL,0,1,2,0,0,NULL),(1937,77,'remark','备注',20,NULL,50,NULL,0,1,2,0,0,NULL),(1938,78,'remark','备注',20,NULL,55,NULL,0,1,2,0,0,NULL),(1939,77,'createtime','创建时间',20,NULL,60,NULL,0,1,2,0,0,NULL),(1940,78,'createtime','创建时间',20,NULL,65,NULL,0,1,2,0,0,NULL),(1941,79,'id','ID',20,NULL,0,NULL,0,1,2,0,0,NULL),(1942,80,'id','ID',20,NULL,5,NULL,0,1,2,0,0,NULL),(1943,79,'key','不会改变的内容，可以在代码中使用',20,NULL,10,NULL,0,1,2,0,0,NULL),(1944,80,'key','不会改变的内容，可以在代码中使用',20,NULL,15,NULL,0,1,2,0,0,NULL),(1945,79,'name','显示的内容',20,NULL,20,NULL,0,1,2,0,0,NULL),(1946,80,'name','显示的内容',20,NULL,25,NULL,0,1,2,0,0,NULL),(1947,79,'flow','验收流程的key',20,NULL,30,NULL,0,1,2,0,0,NULL),(1948,80,'flow','验收流程的key',20,NULL,35,NULL,0,1,2,0,0,NULL),(1949,79,'remark','备注',20,NULL,40,NULL,0,1,2,0,0,NULL),(1950,80,'remark','备注',20,NULL,45,NULL,0,1,2,0,0,NULL),(1951,79,'sort','排序',20,NULL,50,NULL,0,1,2,0,0,NULL),(1952,80,'sort','排序',20,NULL,55,NULL,0,1,2,0,0,NULL),(1953,79,'createtime','创建时间',20,NULL,60,NULL,0,1,2,0,0,NULL),(1954,80,'createtime','创建时间',20,NULL,65,NULL,0,1,2,0,0,NULL),(1955,81,'id','ID',20,NULL,0,NULL,0,1,2,0,0,NULL),(1956,82,'id','ID',20,NULL,5,NULL,0,1,2,0,0,NULL),(1957,81,'name','名称',20,NULL,10,NULL,0,1,2,0,0,NULL),(1958,82,'name','名称',20,NULL,15,NULL,0,1,2,0,0,NULL),(1959,81,'remark','备注',20,NULL,20,NULL,0,1,2,0,0,NULL),(1960,82,'remark','备注',20,NULL,25,NULL,0,1,2,0,0,NULL),(1961,81,'createtime','创建时间',20,NULL,30,NULL,0,1,2,0,0,NULL),(1962,82,'createtime','创建时间',20,NULL,35,NULL,0,1,2,0,0,NULL),(1963,105,'did','部门ID',20,NULL,0,NULL,0,1,2,0,0,NULL),(1964,106,'did','部门ID',20,NULL,5,NULL,0,1,2,0,0,NULL),(1965,105,'dname','部门名称',20,NULL,10,NULL,0,1,2,0,0,NULL),(1966,106,'dname','部门名称',20,NULL,15,NULL,0,1,2,0,0,NULL),(1967,105,'pid','上级部门',20,NULL,20,NULL,0,1,2,0,0,NULL),(1968,106,'pid','上级部门',20,NULL,25,NULL,0,1,2,0,0,NULL),(1969,105,'type','部门类型',20,NULL,30,NULL,0,1,2,0,0,NULL),(1970,106,'type','部门类型',20,NULL,35,NULL,0,1,2,0,0,NULL),(1971,103,'uid','用户ID',20,NULL,0,NULL,0,1,2,0,0,NULL),(1972,104,'uid','用户ID',20,NULL,5,NULL,0,1,2,0,0,NULL),(1973,103,'did','部门ID',20,NULL,10,NULL,0,1,2,0,0,NULL),(1974,104,'did','部门ID',20,NULL,15,NULL,0,1,2,0,0,NULL),(1975,103,'uname','用户姓名',20,NULL,20,NULL,0,1,2,0,0,NULL),(1976,104,'uname','用户姓名',20,NULL,25,NULL,0,1,2,0,0,NULL),(1977,103,'uaccount','登录账户',20,NULL,30,NULL,0,1,2,0,0,NULL),(1978,104,'uaccount','登录账户',20,NULL,35,NULL,0,1,2,0,0,NULL),(1979,103,'upwd','登录密码',20,NULL,40,NULL,0,1,2,0,0,NULL),(1980,104,'upwd','登录密码',20,NULL,45,NULL,0,1,2,0,0,NULL),(1981,83,'id','ID',20,NULL,0,NULL,0,1,2,0,0,NULL),(1982,84,'id','ID',20,NULL,5,NULL,0,1,2,0,0,NULL),(1983,83,'name','名称',20,NULL,10,NULL,0,1,2,0,0,NULL),(1984,84,'name','名称',20,NULL,15,NULL,0,1,2,0,0,NULL),(1985,83,'type','类型、基建工程、技改工程',20,NULL,20,NULL,0,1,2,0,0,NULL),(1986,84,'type','类型、基建工程、技改工程',20,NULL,25,NULL,0,1,2,0,0,NULL),(1987,83,'fr','项目法人',20,NULL,30,NULL,0,1,2,0,0,NULL),(1988,84,'fr','项目法人',20,NULL,35,NULL,0,1,2,0,0,NULL),(1989,83,'gldw','建设管理单位',20,NULL,40,NULL,0,1,2,0,0,NULL),(1990,84,'gldw','建设管理单位',20,NULL,45,NULL,0,1,2,0,0,NULL),(1991,83,'sjdw','设计单位',20,NULL,50,NULL,0,1,2,0,0,NULL),(1992,84,'sjdw','设计单位',20,NULL,55,NULL,0,1,2,0,0,NULL),(1993,83,'jldw','监理单位',20,NULL,60,NULL,0,1,2,0,0,NULL),(1994,84,'jldw','监理单位',20,NULL,65,NULL,0,1,2,0,0,NULL),(1995,83,'sgdw','施工单位',20,NULL,70,NULL,0,1,2,0,0,NULL),(1996,84,'sgdw','施工单位',20,NULL,75,NULL,0,1,2,0,0,NULL),(1997,83,'yxdw','运行单位',20,NULL,80,NULL,0,1,2,0,0,NULL),(1998,84,'yxdw','运行单位',20,NULL,85,NULL,0,1,2,0,0,NULL),(1999,83,'remark','备注',20,NULL,90,NULL,0,1,2,0,0,NULL),(2000,84,'remark','备注',20,NULL,95,NULL,0,1,2,0,0,NULL),(2001,83,'createtime','创建时间',20,NULL,100,NULL,0,1,2,0,0,NULL),(2002,84,'createtime','创建时间',20,NULL,105,NULL,0,1,2,0,0,NULL),(2003,85,'id','ID',20,NULL,0,NULL,0,1,2,0,0,NULL),(2004,86,'id','ID',20,NULL,5,NULL,0,1,2,0,0,NULL),(2005,85,'pid','工程项目ID',20,NULL,10,NULL,0,1,2,0,0,NULL),(2006,86,'pid','工程项目ID',20,NULL,15,NULL,0,1,2,0,0,NULL),(2007,85,'name','名称',20,NULL,20,NULL,0,1,2,0,0,NULL),(2008,86,'name','名称',20,NULL,25,NULL,0,1,2,0,0,NULL),(2009,85,'type','类型，直接存汉字：资料、合同、其他',20,NULL,30,NULL,0,1,2,0,0,NULL),(2010,86,'type','类型，直接存汉字：资料、合同、其他',20,NULL,35,NULL,0,1,2,0,0,NULL),(2011,85,'url','存储的路径',20,NULL,40,NULL,0,1,2,0,0,NULL),(2012,86,'url','存储的路径',20,NULL,45,NULL,0,1,2,0,0,NULL),(2013,85,'remark','备注',20,NULL,50,NULL,0,1,2,0,0,NULL),(2014,86,'remark','备注',20,NULL,55,NULL,0,1,2,0,0,NULL),(2015,85,'sort','排序',20,NULL,60,NULL,0,1,2,0,0,NULL),(2016,86,'sort','排序',20,NULL,65,NULL,0,1,2,0,0,NULL),(2017,85,'createtime','创建时间',20,NULL,70,NULL,0,1,2,0,0,NULL),(2018,86,'createtime','创建时间',20,NULL,75,NULL,0,1,2,0,0,NULL),(2019,87,'id','ID',20,NULL,0,NULL,0,1,2,0,0,NULL),(2020,88,'id','ID',20,NULL,5,NULL,0,1,2,0,0,NULL),(2021,87,'pid','工程项目ID',20,NULL,10,NULL,0,1,2,0,0,NULL),(2022,88,'pid','工程项目ID',20,NULL,15,NULL,0,1,2,0,0,NULL),(2023,87,'key','固定项在config表中的key，非固定项为空',20,NULL,20,NULL,0,1,2,0,0,NULL),(2024,88,'key','固定项在config表中的key，非固定项为空',20,NULL,25,NULL,0,1,2,0,0,NULL),(2025,87,'name','名称',20,NULL,30,NULL,0,1,2,0,0,NULL),(2026,88,'name','名称',20,NULL,35,NULL,0,1,2,0,0,NULL),(2027,87,'finalscal','最终规模',20,NULL,40,NULL,0,1,2,0,0,NULL),(2028,88,'finalscal','最终规模',20,NULL,45,NULL,0,1,2,0,0,NULL),(2029,87,'initscal','初始规模',20,NULL,50,NULL,0,1,2,0,0,NULL),(2030,88,'initscal','初始规模',20,NULL,55,NULL,0,1,2,0,0,NULL),(2031,87,'remark','备注',20,NULL,60,NULL,0,1,2,0,0,NULL),(2032,88,'remark','备注',20,NULL,65,NULL,0,1,2,0,0,NULL),(2033,87,'sort','排序',20,NULL,70,NULL,0,1,2,0,0,NULL),(2034,88,'sort','排序',20,NULL,75,NULL,0,1,2,0,0,NULL),(2035,87,'createtime','创建时间',20,NULL,80,NULL,0,1,2,0,0,NULL),(2036,88,'createtime','创建时间',20,NULL,85,NULL,0,1,2,0,0,NULL),(2037,89,'id','ID',20,NULL,0,NULL,0,1,2,0,0,NULL),(2038,90,'id','ID',20,NULL,5,NULL,0,1,2,0,0,NULL),(2039,89,'description','问题描述',20,NULL,10,NULL,0,1,2,0,0,NULL),(2040,90,'description','问题描述',20,NULL,15,NULL,0,1,2,0,0,NULL),(2041,89,'suggest','整改建议',20,NULL,20,NULL,0,1,2,0,0,NULL),(2042,90,'suggest','整改建议',20,NULL,25,NULL,0,1,2,0,0,NULL),(2043,89,'imgs','图片名称，多个用逗号分隔',20,NULL,30,NULL,0,1,2,0,0,NULL),(2044,90,'imgs','图片名称，多个用逗号分隔',20,NULL,35,NULL,0,1,2,0,0,NULL),(2045,89,'csid','验收标准id',20,NULL,40,NULL,0,1,2,0,0,NULL),(2046,90,'csid','验收标准id',20,NULL,45,NULL,0,1,2,0,0,NULL),(2047,89,'csname','验收标准名称',20,NULL,50,NULL,0,1,2,0,0,NULL),(2048,90,'csname','验收标准名称',20,NULL,55,NULL,0,1,2,0,0,NULL),(2049,89,'status','任务状态：normal、cleared',20,NULL,60,NULL,0,1,2,0,0,NULL),(2050,90,'status','任务状态：normal、cleared',20,NULL,65,NULL,0,1,2,0,0,NULL),(2051,89,'cleartime','清除时间',20,NULL,70,NULL,0,1,2,0,0,NULL),(2052,90,'cleartime','清除时间',20,NULL,75,NULL,0,1,2,0,0,NULL),(2053,89,'clearremark','清除说明',20,NULL,80,NULL,0,1,2,0,0,NULL),(2054,90,'clearremark','清除说明',20,NULL,85,NULL,0,1,2,0,0,NULL),(2055,89,'tid','任务ID',20,NULL,90,NULL,0,1,2,0,0,NULL),(2056,90,'tid','任务ID',20,NULL,95,NULL,0,1,2,0,0,NULL),(2057,89,'tcid','标准卡ID',20,NULL,100,NULL,0,1,2,0,0,NULL),(2058,90,'tcid','标准卡ID',20,NULL,105,NULL,0,1,2,0,0,NULL),(2059,89,'ciid','验收小项ID',20,NULL,110,NULL,0,1,2,0,0,NULL),(2060,90,'ciid','验收小项ID',20,NULL,115,NULL,0,1,2,0,0,NULL),(2061,89,'ciname','验收小项名称',20,NULL,120,NULL,0,1,2,0,0,NULL),(2062,90,'ciname','验收小项名称',20,NULL,125,NULL,0,1,2,0,0,NULL),(2063,89,'remark','备注',20,NULL,130,NULL,0,1,2,0,0,NULL),(2064,90,'remark','备注',20,NULL,135,NULL,0,1,2,0,0,NULL),(2065,89,'createtime','创建时间',20,NULL,140,NULL,0,1,2,0,0,NULL),(2066,90,'createtime','创建时间',20,NULL,145,NULL,0,1,2,0,0,NULL),(2067,91,'id','ID',20,NULL,0,NULL,0,1,2,0,0,NULL),(2068,92,'id','ID',20,NULL,5,NULL,0,1,2,0,0,NULL),(2069,91,'no','编号',20,NULL,10,NULL,0,1,2,0,0,NULL),(2070,92,'no','编号',20,NULL,15,NULL,0,1,2,0,0,NULL),(2071,91,'senddepart','发出单位',20,NULL,20,NULL,0,1,2,0,0,NULL),(2072,92,'senddepart','发出单位',20,NULL,25,NULL,0,1,2,0,0,NULL),(2073,91,'sendcontact','发出单位联系人',20,NULL,30,NULL,0,1,2,0,0,NULL),(2074,92,'sendcontact','发出单位联系人',20,NULL,35,NULL,0,1,2,0,0,NULL),(2075,91,'checkdepart','验收单位',20,NULL,40,NULL,0,1,2,0,0,NULL),(2076,92,'checkdepart','验收单位',20,NULL,45,NULL,0,1,2,0,0,NULL),(2077,91,'checkcontact','验收人',20,NULL,50,NULL,0,1,2,0,0,NULL),(2078,92,'checkcontact','验收人',20,NULL,55,NULL,0,1,2,0,0,NULL),(2079,91,'receivedepart','接受单位',20,NULL,60,NULL,0,1,2,0,0,NULL),(2080,92,'receivedepart','接受单位',20,NULL,65,NULL,0,1,2,0,0,NULL),(2081,91,'receivecontact','接收单位联系人',20,NULL,70,NULL,0,1,2,0,0,NULL),(2082,92,'receivecontact','接收单位联系人',20,NULL,75,NULL,0,1,2,0,0,NULL),(2083,91,'project','项目名称',20,NULL,80,NULL,0,1,2,0,0,NULL),(2084,92,'project','项目名称',20,NULL,85,NULL,0,1,2,0,0,NULL),(2085,91,'devicetype','设备类别',20,NULL,90,NULL,0,1,2,0,0,NULL),(2086,92,'devicetype','设备类别',20,NULL,95,NULL,0,1,2,0,0,NULL),(2087,91,'installplace','安装位置/运行编号（生产工号）',20,NULL,100,NULL,0,1,2,0,0,NULL),(2088,92,'installplace','安装位置/运行编号（生产工号）',20,NULL,105,NULL,0,1,2,0,0,NULL),(2089,91,'factory','厂家及型号',20,NULL,110,NULL,0,1,2,0,0,NULL),(2090,92,'factory','厂家及型号',20,NULL,115,NULL,0,1,2,0,0,NULL),(2091,91,'name','问题名称',20,NULL,120,NULL,0,1,2,0,0,NULL),(2092,92,'name','问题名称',20,NULL,125,NULL,0,1,2,0,0,NULL),(2093,91,'description','问题描述',20,NULL,130,NULL,0,1,2,0,0,NULL),(2094,92,'description','问题描述',20,NULL,135,NULL,0,1,2,0,0,NULL),(2095,91,'suggest','整改建议',20,NULL,140,NULL,0,1,2,0,0,NULL),(2096,92,'suggest','整改建议',20,NULL,145,NULL,0,1,2,0,0,NULL),(2097,91,'imgs','图片名称，多个用逗号分隔',20,NULL,150,NULL,0,1,2,0,0,NULL),(2098,92,'imgs','图片名称，多个用逗号分隔',20,NULL,155,NULL,0,1,2,0,0,NULL),(2099,91,'riid','问题记录ID',20,NULL,160,NULL,0,1,2,0,0,NULL),(2100,92,'riid','问题记录ID',20,NULL,165,NULL,0,1,2,0,0,NULL),(2101,91,'csid','验收标准id',20,NULL,170,NULL,0,1,2,0,0,NULL),(2102,92,'csid','验收标准id',20,NULL,175,NULL,0,1,2,0,0,NULL),(2103,91,'csname','验收标准名称',20,NULL,180,NULL,0,1,2,0,0,NULL),(2104,92,'csname','验收标准名称',20,NULL,185,NULL,0,1,2,0,0,NULL),(2105,91,'tid','任务ID',20,NULL,190,NULL,0,1,2,0,0,NULL),(2106,92,'tid','任务ID',20,NULL,195,NULL,0,1,2,0,0,NULL),(2107,91,'tcid','标准卡ID',20,NULL,200,NULL,0,1,2,0,0,NULL),(2108,92,'tcid','标准卡ID',20,NULL,205,NULL,0,1,2,0,0,NULL),(2109,91,'ciid','验收小项ID',20,NULL,210,NULL,0,1,2,0,0,NULL),(2110,92,'ciid','验收小项ID',20,NULL,215,NULL,0,1,2,0,0,NULL),(2111,91,'ciname','验收小项名称',20,NULL,220,NULL,0,1,2,0,0,NULL),(2112,92,'ciname','验收小项名称',20,NULL,225,NULL,0,1,2,0,0,NULL),(2113,91,'remark','备注',20,NULL,230,NULL,0,1,2,0,0,NULL),(2114,92,'remark','备注',20,NULL,235,NULL,0,1,2,0,0,NULL),(2115,91,'createtime','创建时间',20,NULL,240,NULL,0,1,2,0,0,NULL),(2116,92,'createtime','创建时间',20,NULL,245,NULL,0,1,2,0,0,NULL),(2117,93,'id','ID',20,NULL,0,NULL,0,1,2,0,0,NULL),(2118,94,'id','ID',20,NULL,5,NULL,0,1,2,0,0,NULL),(2119,93,'name','验收小项名称',20,NULL,10,NULL,0,1,2,0,0,NULL),(2120,94,'name','验收小项名称',20,NULL,15,NULL,0,1,2,0,0,NULL),(2121,93,'tid','任务ID',20,NULL,20,NULL,0,1,2,0,0,NULL),(2122,94,'tid','任务ID',20,NULL,25,NULL,0,1,2,0,0,NULL),(2123,93,'tcid','任务标准卡ID',20,NULL,30,NULL,0,1,2,0,0,NULL),(2124,94,'tcid','任务标准卡ID',20,NULL,35,NULL,0,1,2,0,0,NULL),(2125,93,'ciid','验收项目id',20,NULL,40,NULL,0,1,2,0,0,NULL),(2126,94,'ciid','验收项目id',20,NULL,45,NULL,0,1,2,0,0,NULL),(2127,93,'ciname','验收项目名称',20,NULL,50,NULL,0,1,2,0,0,NULL),(2128,94,'ciname','验收项目名称',20,NULL,55,NULL,0,1,2,0,0,NULL),(2129,93,'checktype','检查类型，冗余自card_item',20,NULL,60,NULL,0,1,2,0,0,NULL),(2130,94,'checktype','检查类型，冗余自card_item',20,NULL,65,NULL,0,1,2,0,0,NULL),(2131,93,'result','验收结果，0合格，1不合格',20,NULL,70,NULL,0,1,2,0,0,NULL),(2132,94,'result','验收结果，0合格，1不合格',20,NULL,75,NULL,0,1,2,0,0,NULL),(2133,93,'remark','备注',20,NULL,80,NULL,0,1,2,0,0,NULL),(2134,94,'remark','备注',20,NULL,85,NULL,0,1,2,0,0,NULL),(2135,93,'createtime','创建时间',20,NULL,90,NULL,0,1,2,0,0,NULL),(2136,94,'createtime','创建时间',20,NULL,95,NULL,0,1,2,0,0,NULL),(2137,95,'id','ID',20,NULL,0,NULL,0,1,2,0,0,NULL),(2138,96,'id','ID',20,NULL,5,NULL,0,1,2,0,0,NULL),(2139,95,'tid','关联的任务ID',20,NULL,10,NULL,0,1,2,0,0,NULL),(2140,96,'tid','关联的任务ID',20,NULL,15,NULL,0,1,2,0,0,NULL),(2141,95,'tcid','关联的任务标准卡ID',20,NULL,20,NULL,0,1,2,0,0,NULL),(2142,96,'tcid','关联的任务标准卡ID',20,NULL,25,NULL,0,1,2,0,0,NULL),(2143,95,'ccid','关联的抄录项ID',20,NULL,30,NULL,0,1,2,0,0,NULL),(2144,96,'ccid','关联的抄录项ID',20,NULL,35,NULL,0,1,2,0,0,NULL),(2145,95,'riid','result item ID',20,NULL,40,NULL,0,1,2,0,0,NULL),(2146,96,'riid','result item ID',20,NULL,45,NULL,0,1,2,0,0,NULL),(2147,95,'name','抄录名称',20,NULL,50,NULL,0,1,2,0,0,NULL),(2148,96,'name','抄录名称',20,NULL,55,NULL,0,1,2,0,0,NULL),(2149,95,'unit','关联的抄录项单位',20,NULL,60,NULL,0,1,2,0,0,NULL),(2150,96,'unit','关联的抄录项单位',20,NULL,65,NULL,0,1,2,0,0,NULL),(2151,95,'value','抄录值',20,NULL,70,NULL,0,1,2,0,0,NULL),(2152,96,'value','抄录值',20,NULL,75,NULL,0,1,2,0,0,NULL),(2153,95,'sort','抄录结果排序',20,NULL,80,NULL,0,1,2,0,0,NULL),(2154,96,'sort','抄录结果排序',20,NULL,85,NULL,0,1,2,0,0,NULL),(2155,95,'remark','备注',20,NULL,90,NULL,0,1,2,0,0,NULL),(2156,96,'remark','备注',20,NULL,95,NULL,0,1,2,0,0,NULL),(2157,95,'createtime','创建时间',20,NULL,100,NULL,0,1,2,0,0,NULL),(2158,96,'createtime','创建时间',20,NULL,105,NULL,0,1,2,0,0,NULL),(2159,97,'id','ID',20,NULL,0,NULL,0,1,2,0,0,NULL),(2160,98,'id','ID',20,NULL,5,NULL,0,1,2,0,0,NULL),(2161,97,'tcid','任务标准卡ID',20,NULL,10,NULL,0,1,2,0,0,NULL),(2162,98,'tcid','任务标准卡ID',20,NULL,15,NULL,0,1,2,0,0,NULL),(2163,97,'tid','任务ID',20,NULL,20,NULL,0,1,2,0,0,NULL),(2164,98,'tid','任务ID',20,NULL,25,NULL,0,1,2,0,0,NULL),(2165,97,'citid','验收类型ID',20,NULL,30,NULL,0,1,2,0,0,NULL),(2166,98,'citid','验收类型ID',20,NULL,35,NULL,0,1,2,0,0,NULL),(2167,97,'signname','签名人',20,NULL,40,NULL,0,1,2,0,0,NULL),(2168,98,'signname','签名人',20,NULL,45,NULL,0,1,2,0,0,NULL),(2169,97,'signimg','签名图片地址',20,NULL,50,NULL,0,1,2,0,0,NULL),(2170,98,'signimg','签名图片地址',20,NULL,55,NULL,0,1,2,0,0,NULL),(2171,97,'remark','备注',20,NULL,60,NULL,0,1,2,0,0,NULL),(2172,98,'remark','备注',20,NULL,65,NULL,0,1,2,0,0,NULL),(2173,97,'createtime','创建时间',20,NULL,70,NULL,0,1,2,0,0,NULL),(2174,98,'createtime','创建时间',20,NULL,75,NULL,0,1,2,0,0,NULL),(2175,99,'id','ID',20,NULL,0,NULL,0,1,2,0,0,NULL),(2176,100,'id','ID',20,NULL,5,NULL,0,1,2,0,0,NULL),(2177,99,'name','名称',20,NULL,10,NULL,0,1,2,0,0,NULL),(2178,100,'name','名称',20,NULL,15,NULL,0,1,2,0,0,NULL),(2179,99,'pid','工程项目ID',20,NULL,20,NULL,0,1,2,0,0,NULL),(2180,100,'pid','工程项目ID',20,NULL,25,NULL,0,1,2,0,0,NULL),(2181,99,'pname','工程项目名称',20,NULL,30,NULL,0,1,2,0,0,NULL),(2182,100,'pname','工程项目名称',20,NULL,35,NULL,0,1,2,0,0,NULL),(2183,99,'flow','验收流程key',20,NULL,40,NULL,0,1,2,0,0,NULL),(2184,100,'flow','验收流程key',20,NULL,45,NULL,0,1,2,0,0,NULL),(2185,99,'flowname','验收流程的名称',20,NULL,50,NULL,0,1,2,0,0,NULL),(2186,100,'flowname','验收流程的名称',20,NULL,55,NULL,0,1,2,0,0,NULL),(2187,99,'type','验收任务的类型（同卡的类型）的key，',20,NULL,60,NULL,0,1,2,0,0,NULL),(2188,100,'type','验收任务的类型（同卡的类型）的key，',20,NULL,65,NULL,0,1,2,0,0,NULL),(2189,99,'cards','关联的验收标准卡ID，多个用逗号分开',20,NULL,70,NULL,0,1,2,0,0,NULL),(2190,100,'cards','关联的验收标准卡ID，多个用逗号分开',20,NULL,75,NULL,0,1,2,0,0,NULL),(2191,99,'deviceno','设备型号',20,NULL,80,NULL,0,1,2,0,0,NULL),(2192,100,'deviceno','设备型号',20,NULL,85,NULL,0,1,2,0,0,NULL),(2193,99,'status','状态：add（新添加），其他状态待定',20,NULL,90,NULL,0,1,2,0,0,NULL),(2194,100,'status','状态：add（新添加），其他状态待定',20,NULL,95,NULL,0,1,2,0,0,NULL),(2195,99,'result','结论',20,NULL,100,NULL,0,1,2,0,0,NULL),(2196,100,'result','结论',20,NULL,105,NULL,0,1,2,0,0,NULL),(2197,99,'remark','备注',20,NULL,110,NULL,0,1,2,0,0,NULL),(2198,100,'remark','备注',20,NULL,115,NULL,0,1,2,0,0,NULL),(2199,99,'createtime','创建时间',20,NULL,120,NULL,0,1,2,0,0,NULL),(2200,100,'createtime','创建时间',20,NULL,125,NULL,0,1,2,0,0,NULL),(2201,101,'id','ID',20,NULL,0,NULL,0,1,2,0,0,NULL),(2202,102,'id','ID',20,NULL,5,NULL,0,1,2,0,0,NULL),(2203,101,'tid','任务ID',20,NULL,10,NULL,0,1,2,0,0,NULL),(2204,102,'tid','任务ID',20,NULL,15,NULL,0,1,2,0,0,NULL),(2205,101,'cid','标准卡ID，来源Card表',20,NULL,20,NULL,0,1,2,0,0,NULL),(2206,102,'cid','标准卡ID，来源Card表',20,NULL,25,NULL,0,1,2,0,0,NULL),(2207,101,'status','状态：新增add、进行中doing、完成done',20,NULL,30,NULL,0,1,2,0,0,NULL),(2208,102,'status','状态：新增add、进行中doing、完成done',20,NULL,35,NULL,0,1,2,0,0,NULL),(2209,101,'cname','验收卡名称',20,NULL,40,NULL,0,1,2,0,0,NULL),(2210,102,'cname','验收卡名称',20,NULL,45,NULL,0,1,2,0,0,NULL),(2211,101,'flow','验收流程key，数据来源config表',20,NULL,50,NULL,0,1,2,0,0,NULL),(2212,102,'flow','验收流程key，数据来源config表',20,NULL,55,NULL,0,1,2,0,0,NULL),(2213,101,'type','验收类型的key',20,NULL,60,NULL,0,1,2,0,0,NULL),(2214,102,'type','验收类型的key',20,NULL,65,NULL,0,1,2,0,0,NULL),(2215,101,'dtid','设备类型id，数据来源device_type',20,NULL,70,NULL,0,1,2,0,0,NULL),(2216,102,'dtid','设备类型id，数据来源device_type',20,NULL,75,NULL,0,1,2,0,0,NULL),(2217,101,'gcmc','工程名称',20,NULL,80,NULL,0,1,2,0,0,NULL),(2218,102,'gcmc','工程名称',20,NULL,85,NULL,0,1,2,0,0,NULL),(2219,101,'sjdw','设计单位',20,NULL,90,NULL,0,1,2,0,0,NULL),(2220,102,'sjdw','设计单位',20,NULL,95,NULL,0,1,2,0,0,NULL),(2221,101,'ysdw','验收单位',20,NULL,100,NULL,0,1,2,0,0,NULL),(2222,102,'ysdw','验收单位',20,NULL,105,NULL,0,1,2,0,0,NULL),(2223,101,'ysrq','验收日期',20,NULL,110,NULL,0,1,2,0,0,NULL),(2224,102,'ysrq','验收日期',20,NULL,115,NULL,0,1,2,0,0,NULL),(2225,101,'sccj','生产厂家',20,NULL,120,NULL,0,1,2,0,0,NULL),(2226,102,'sccj','生产厂家',20,NULL,125,NULL,0,1,2,0,0,NULL),(2227,101,'sbxh','设备型号',20,NULL,130,NULL,0,1,2,0,0,NULL),(2228,102,'sbxh','设备型号',20,NULL,135,NULL,0,1,2,0,0,NULL),(2229,101,'scgh','生产工号',20,NULL,140,NULL,0,1,2,0,0,NULL),(2230,102,'scgh','生产工号',20,NULL,145,NULL,0,1,2,0,0,NULL),(2231,101,'ccbh','出厂编号',20,NULL,150,NULL,0,1,2,0,0,NULL),(2232,102,'ccbh','出厂编号',20,NULL,155,NULL,0,1,2,0,0,NULL),(2233,101,'bdsmc','变电所名称',20,NULL,160,NULL,0,1,2,0,0,NULL),(2234,102,'bdsmc','变电所名称',20,NULL,165,NULL,0,1,2,0,0,NULL),(2235,101,'sbmcbh','设备名称编号',20,NULL,170,NULL,0,1,2,0,0,NULL),(2236,102,'sbmcbh','设备名称编号',20,NULL,175,NULL,0,1,2,0,0,NULL),(2237,101,'remark','备注',20,NULL,180,NULL,0,1,2,0,0,NULL),(2238,102,'remark','备注',20,NULL,185,NULL,0,1,2,0,0,NULL),(2239,101,'createtime','创建时间',20,NULL,190,NULL,0,1,2,0,0,NULL),(2240,102,'createtime','创建时间',20,NULL,195,NULL,0,1,2,0,0,NULL),(2241,107,'id','ID',20,NULL,0,NULL,0,1,2,0,0,NULL),(2242,108,'id','ID',20,NULL,5,NULL,0,1,2,0,0,NULL),(2243,107,'key','不会改变的内容，可以在代码中使用',20,NULL,10,NULL,0,1,2,0,0,NULL),(2244,108,'key','不会改变的内容，可以在代码中使用',20,NULL,15,NULL,0,1,2,0,0,NULL),(2245,107,'name','显示的内容',20,NULL,20,NULL,0,1,2,0,0,NULL),(2246,108,'name','显示的内容',20,NULL,25,NULL,0,1,2,0,0,NULL),(2247,107,'type','类型，可以直接在代码中固化此字段',20,NULL,30,NULL,0,1,2,0,0,NULL),(2248,108,'type','类型，可以直接在代码中固化此字段',20,NULL,35,NULL,0,1,2,0,0,NULL),(2249,107,'remark','备注',20,NULL,40,NULL,0,1,2,0,0,NULL),(2250,108,'remark','备注',20,NULL,45,NULL,0,1,2,0,0,NULL),(2251,107,'sort','排序',20,NULL,50,NULL,0,1,2,0,0,NULL),(2252,108,'sort','排序',20,NULL,55,NULL,0,1,2,0,0,NULL),(2253,107,'createtime','创建时间',20,NULL,60,NULL,0,1,2,0,0,NULL),(2254,108,'createtime','创建时间',20,NULL,65,NULL,0,1,2,0,0,NULL),(2255,69,'showjldw','是否展示监理单位。1展示，0不展示',20,NULL,0,NULL,0,1,2,0,0,NULL),(2256,70,'showjldw','是否展示监理单位。1展示，0不展示',20,NULL,5,NULL,0,1,2,0,0,NULL),(2257,69,'showsgdw','是否展示施工单位。1展示，0不展示',20,NULL,10,NULL,0,1,2,0,0,NULL),(2258,70,'showsgdw','是否展示施工单位。1展示，0不展示',20,NULL,15,NULL,0,1,2,0,0,NULL),(2259,69,'sort','排序',20,NULL,20,NULL,0,1,2,0,0,NULL),(2260,70,'sort','排序',20,NULL,25,NULL,0,1,2,0,0,NULL),(2261,69,'dlt','是否删除：1删除、0不删除',20,NULL,30,NULL,0,1,2,0,0,NULL),(2262,70,'dlt','是否删除：1删除、0不删除',20,NULL,35,NULL,0,1,2,0,0,NULL),(2263,69,'updatetime','更新时间',20,NULL,40,NULL,0,1,2,0,0,NULL),(2264,70,'updatetime','更新时间',20,NULL,45,NULL,0,1,2,0,0,NULL),(2265,71,'dlt','是否删除：1删除、0不删除',20,NULL,0,NULL,0,1,2,0,0,NULL),(2266,72,'dlt','是否删除：1删除、0不删除',20,NULL,5,NULL,0,1,2,0,0,NULL),(2267,71,'updatetime','更新时间',20,NULL,10,NULL,0,1,2,0,0,NULL),(2268,72,'updatetime','更新时间',20,NULL,15,NULL,0,1,2,0,0,NULL),(2269,73,'dlt','是否删除：1删除、0不删除',20,NULL,0,NULL,0,1,2,0,0,NULL),(2270,74,'dlt','是否删除：1删除、0不删除',20,NULL,5,NULL,0,1,2,0,0,NULL),(2271,73,'updatetime','更新时间',20,NULL,10,NULL,0,1,2,0,0,NULL),(2272,74,'updatetime','更新时间',20,NULL,15,NULL,0,1,2,0,0,NULL),(2273,75,'dlt','是否删除：1删除、0不删除',20,NULL,0,NULL,0,1,2,0,0,NULL),(2274,76,'dlt','是否删除：1删除、0不删除',20,NULL,5,NULL,0,1,2,0,0,NULL),(2275,75,'updatetime','更新时间',20,NULL,10,NULL,0,1,2,0,0,NULL),(2276,76,'updatetime','更新时间',20,NULL,15,NULL,0,1,2,0,0,NULL),(2277,77,'dlt','是否删除：1删除、0不删除',20,NULL,0,NULL,0,1,2,0,0,NULL),(2278,78,'dlt','是否删除：1删除、0不删除',20,NULL,5,NULL,0,1,2,0,0,NULL),(2279,77,'updatetime','更新时间',20,NULL,10,NULL,0,1,2,0,0,NULL),(2280,78,'updatetime','更新时间',20,NULL,15,NULL,0,1,2,0,0,NULL),(2281,79,'dlt','是否删除：1删除、0不删除',20,NULL,0,NULL,0,1,2,0,0,NULL),(2282,80,'dlt','是否删除：1删除、0不删除',20,NULL,5,NULL,0,1,2,0,0,NULL),(2283,79,'updatetime','更新时间',20,NULL,10,NULL,0,1,2,0,0,NULL),(2284,80,'updatetime','更新时间',20,NULL,15,NULL,0,1,2,0,0,NULL),(2285,81,'dlt','是否删除：1删除、0不删除',20,NULL,0,NULL,0,1,2,0,0,NULL),(2286,82,'dlt','是否删除：1删除、0不删除',20,NULL,5,NULL,0,1,2,0,0,NULL),(2287,81,'updatetime','更新时间',20,NULL,10,NULL,0,1,2,0,0,NULL),(2288,82,'updatetime','更新时间',20,NULL,15,NULL,0,1,2,0,0,NULL),(2289,83,'bdz','变电站',20,NULL,0,NULL,0,1,2,0,0,NULL),(2290,84,'bdz','变电站',20,NULL,5,NULL,0,1,2,0,0,NULL),(2291,83,'dlt','是否删除：1删除、0不删除',20,NULL,10,NULL,0,1,2,0,0,NULL),(2292,84,'dlt','是否删除：1删除、0不删除',20,NULL,15,NULL,0,1,2,0,0,NULL),(2293,83,'updatetime','更新时间',20,NULL,20,NULL,0,1,2,0,0,NULL),(2294,84,'updatetime','更新时间',20,NULL,25,NULL,0,1,2,0,0,NULL),(2295,85,'dlt','是否删除：1删除、0不删除',20,NULL,0,NULL,0,1,2,0,0,NULL),(2296,86,'dlt','是否删除：1删除、0不删除',20,NULL,5,NULL,0,1,2,0,0,NULL),(2297,85,'updatetime','更新时间',20,NULL,10,NULL,0,1,2,0,0,NULL),(2298,86,'updatetime','更新时间',20,NULL,15,NULL,0,1,2,0,0,NULL),(2299,87,'dlt','是否删除：1删除、0不删除',20,NULL,0,NULL,0,1,2,0,0,NULL),(2300,88,'dlt','是否删除：1删除、0不删除',20,NULL,5,NULL,0,1,2,0,0,NULL),(2301,87,'updatetime','更新时间',20,NULL,10,NULL,0,1,2,0,0,NULL),(2302,88,'updatetime','更新时间',20,NULL,15,NULL,0,1,2,0,0,NULL),(2303,89,'creator','新建人员',20,NULL,0,NULL,0,1,2,0,0,NULL),(2304,90,'creator','新建人员',20,NULL,5,NULL,0,1,2,0,0,NULL),(2305,89,'fixer','整改人',20,NULL,10,NULL,0,1,2,0,0,NULL),(2306,90,'fixer','整改人',20,NULL,15,NULL,0,1,2,0,0,NULL),(2307,89,'fixtime','整改时间',20,NULL,20,NULL,0,1,2,0,0,NULL),(2308,90,'fixtime','整改时间',20,NULL,25,NULL,0,1,2,0,0,NULL),(2309,89,'dlt','是否删除：1删除、0不删除',20,NULL,30,NULL,0,1,2,0,0,NULL),(2310,90,'dlt','是否删除：1删除、0不删除',20,NULL,35,NULL,0,1,2,0,0,NULL),(2311,89,'updatetime','更新时间',20,NULL,40,NULL,0,1,2,0,0,NULL),(2312,90,'updatetime','更新时间',20,NULL,45,NULL,0,1,2,0,0,NULL),(2313,91,'dlt','是否删除：1删除、0不删除',20,NULL,0,NULL,0,1,2,0,0,NULL),(2314,92,'dlt','是否删除：1删除、0不删除',20,NULL,5,NULL,0,1,2,0,0,NULL),(2315,91,'updatetime','更新时间',20,NULL,10,NULL,0,1,2,0,0,NULL),(2316,92,'updatetime','更新时间',20,NULL,15,NULL,0,1,2,0,0,NULL),(2317,93,'images','资料采集的照片，多个用，好分开',20,NULL,0,NULL,0,1,2,0,0,NULL),(2318,94,'images','资料采集的照片，多个用，好分开',20,NULL,5,NULL,0,1,2,0,0,NULL),(2319,93,'dlt','是否删除：1删除、0不删除',20,NULL,10,NULL,0,1,2,0,0,NULL),(2320,94,'dlt','是否删除：1删除、0不删除',20,NULL,15,NULL,0,1,2,0,0,NULL),(2321,93,'updatetime','更新时间',20,NULL,20,NULL,0,1,2,0,0,NULL),(2322,94,'updatetime','更新时间',20,NULL,25,NULL,0,1,2,0,0,NULL),(2323,95,'dlt','是否删除：1删除、0不删除',20,NULL,0,NULL,0,1,2,0,0,NULL),(2324,96,'dlt','是否删除：1删除、0不删除',20,NULL,5,NULL,0,1,2,0,0,NULL),(2325,95,'updatetime','更新时间',20,NULL,10,NULL,0,1,2,0,0,NULL),(2326,96,'updatetime','更新时间',20,NULL,15,NULL,0,1,2,0,0,NULL),(2327,97,'dlt','是否删除：1删除、0不删除',20,NULL,0,NULL,0,1,2,0,0,NULL),(2328,98,'dlt','是否删除：1删除、0不删除',20,NULL,5,NULL,0,1,2,0,0,NULL),(2329,97,'updatetime','更新时间',20,NULL,10,NULL,0,1,2,0,0,NULL),(2330,98,'updatetime','更新时间',20,NULL,15,NULL,0,1,2,0,0,NULL),(2331,107,'dlt','是否删除：1删除、0不删除',20,NULL,0,NULL,0,1,2,0,0,NULL),(2332,108,'dlt','是否删除：1删除、0不删除',20,NULL,5,NULL,0,1,2,0,0,NULL),(2333,107,'updatetime','更新时间',20,NULL,10,NULL,0,1,2,0,0,NULL),(2334,108,'updatetime','更新时间',20,NULL,15,NULL,0,1,2,0,0,NULL),(2335,99,'devicetype','设备类型',20,NULL,0,NULL,0,1,2,0,0,NULL),(2336,100,'devicetype','设备类型',20,NULL,5,NULL,0,1,2,0,0,NULL),(2337,99,'productor','生产厂家',20,NULL,10,NULL,0,1,2,0,0,NULL),(2338,100,'productor','生产厂家',20,NULL,15,NULL,0,1,2,0,0,NULL),(2339,99,'sort','排序',20,NULL,20,NULL,0,1,2,0,0,NULL),(2340,100,'sort','排序',20,NULL,25,NULL,0,1,2,0,0,NULL),(2341,99,'dlt','是否删除：1删除、0不删除',20,NULL,30,NULL,0,1,2,0,0,NULL),(2342,100,'dlt','是否删除：1删除、0不删除',20,NULL,35,NULL,0,1,2,0,0,NULL),(2343,99,'updatetime','更新时间',20,NULL,40,NULL,0,1,2,0,0,NULL),(2344,100,'updatetime','更新时间',20,NULL,45,NULL,0,1,2,0,0,NULL),(2345,101,'jldw','监理单位',20,NULL,0,NULL,0,1,2,0,0,NULL),(2346,102,'jldw','监理单位',20,NULL,5,NULL,0,1,2,0,0,NULL),(2347,101,'sgdw','施工单位',20,NULL,10,NULL,0,1,2,0,0,NULL),(2348,102,'sgdw','施工单位',20,NULL,15,NULL,0,1,2,0,0,NULL),(2349,101,'dlt','是否删除：1删除、0不删除',20,NULL,20,NULL,0,1,2,0,0,NULL),(2350,102,'dlt','是否删除：1删除、0不删除',20,NULL,25,NULL,0,1,2,0,0,NULL),(2351,101,'updatetime','更新时间',20,NULL,30,NULL,0,1,2,0,0,NULL),(2352,102,'updatetime','更新时间',20,NULL,35,NULL,0,1,2,0,0,NULL),(2353,101,'citids','隐蔽工程选择验收大项的ids,逗号分隔',20,NULL,0,NULL,0,1,2,0,0,NULL),(2354,102,'citids','隐蔽工程选择验收大项的ids,逗号分隔',20,NULL,5,NULL,0,1,2,0,0,NULL),(2355,89,'fixremark','整改说明',20,NULL,0,NULL,0,1,2,0,0,NULL),(2356,90,'fixremark','整改说明',20,NULL,5,NULL,0,1,2,0,0,NULL),(2357,89,'fiximgs','整改照片，多个用逗号分割',20,NULL,10,NULL,0,1,2,0,0,NULL),(2358,90,'fiximgs','整改照片，多个用逗号分割',20,NULL,15,NULL,0,1,2,0,0,NULL),(2359,89,'isremain','是否是遗留问题：1是，0不是',20,NULL,0,NULL,0,1,2,0,0,NULL),(2360,90,'isremain','是否是遗留问题：1是，0不是',20,NULL,5,NULL,0,1,2,0,0,NULL),(2361,89,'remainer','标记为遗留问题的人员',20,NULL,10,NULL,0,1,2,0,0,NULL),(2362,90,'remainer','标记为遗留问题的人员',20,NULL,15,NULL,0,1,2,0,0,NULL),(2363,89,'remaintime','标记为遗留问题的时间',20,NULL,20,NULL,0,1,2,0,0,NULL),(2364,90,'remaintime','标记为遗留问题的时间',20,NULL,25,NULL,0,1,2,0,0,NULL),(2365,83,'ysjh','验收计划',20,NULL,0,NULL,0,1,2,0,0,NULL),(2366,84,'ysjh','验收计划',20,NULL,5,NULL,0,1,2,0,0,NULL),(2367,83,'ysfa','验收方案',20,NULL,10,NULL,0,1,2,0,0,NULL),(2368,84,'ysfa','验收方案',20,NULL,15,NULL,0,1,2,0,0,NULL),(2369,83,'jlbg','监理报告',20,NULL,20,NULL,0,1,2,0,0,NULL),(2370,84,'jlbg','监理报告',20,NULL,25,NULL,0,1,2,0,0,NULL),(2371,81,'sort','排序',20,NULL,0,NULL,0,1,2,0,0,NULL),(2372,82,'sort','排序',20,NULL,5,NULL,0,1,2,0,0,NULL),(2373,109,'id','ID',20,NULL,0,NULL,0,1,2,0,0,NULL),(2374,110,'id','ID',20,NULL,5,NULL,0,1,2,0,0,NULL),(2375,109,'tid','任务ID',20,NULL,10,NULL,0,1,2,0,0,NULL),(2376,110,'tid','任务ID',20,NULL,15,NULL,0,1,2,0,0,NULL),(2377,109,'ctid','到货清点任务ID',20,NULL,20,NULL,0,1,2,0,0,NULL),(2378,110,'ctid','到货清点任务ID',20,NULL,25,NULL,0,1,2,0,0,NULL),(2379,109,'pid','项目ID',20,NULL,30,NULL,0,1,2,0,0,NULL),(2380,110,'pid','项目ID',20,NULL,35,NULL,0,1,2,0,0,NULL),(2381,109,'dtid','设别大类的ID',20,NULL,40,NULL,0,1,2,0,0,NULL),(2382,110,'dtid','设别大类的ID',20,NULL,45,NULL,0,1,2,0,0,NULL),(2383,109,'name','设备名称',20,NULL,50,NULL,0,1,2,0,0,NULL),(2384,110,'name','设备名称',20,NULL,55,NULL,0,1,2,0,0,NULL),(2385,109,'deviceno','设备型号',20,NULL,60,NULL,0,1,2,0,0,NULL),(2386,110,'deviceno','设备型号',20,NULL,65,NULL,0,1,2,0,0,NULL),(2387,109,'amount','数量',20,NULL,70,NULL,0,1,2,0,0,NULL),(2388,110,'amount','数量',20,NULL,75,NULL,0,1,2,0,0,NULL),(2389,109,'place','存放地点',20,NULL,80,NULL,0,1,2,0,0,NULL),(2390,110,'place','存放地点',20,NULL,85,NULL,0,1,2,0,0,NULL),(2391,109,'counter','清点人员',20,NULL,90,NULL,0,1,2,0,0,NULL),(2392,110,'counter','清点人员',20,NULL,95,NULL,0,1,2,0,0,NULL),(2393,109,'remark','备注',20,NULL,100,NULL,0,1,2,0,0,NULL),(2394,110,'remark','备注',20,NULL,105,NULL,0,1,2,0,0,NULL),(2395,109,'dlt','是否删除：1删除、0不删除',20,NULL,110,NULL,0,1,2,0,0,NULL),(2396,110,'dlt','是否删除：1删除、0不删除',20,NULL,115,NULL,0,1,2,0,0,NULL),(2397,109,'createtime','创建时间',20,NULL,120,NULL,0,1,2,0,0,NULL),(2398,110,'createtime','创建时间',20,NULL,125,NULL,0,1,2,0,0,NULL),(2399,109,'updatetime','更新时间',20,NULL,130,NULL,0,1,2,0,0,NULL),(2400,110,'updatetime','更新时间',20,NULL,135,NULL,0,1,2,0,0,NULL),(2401,111,'id','ID',20,NULL,0,NULL,0,1,2,0,0,NULL),(2402,112,'id','ID',20,NULL,5,NULL,0,1,2,0,0,NULL),(2403,111,'tid','任务ID',20,NULL,10,NULL,0,1,2,0,0,NULL),(2404,112,'tid','任务ID',20,NULL,15,NULL,0,1,2,0,0,NULL),(2405,111,'flow','验收流程key，数据来源config表',20,NULL,20,NULL,0,1,2,0,0,NULL),(2406,112,'flow','验收流程key，数据来源config表',20,NULL,25,NULL,0,1,2,0,0,NULL),(2407,111,'type','验收类型的key',20,NULL,30,NULL,0,1,2,0,0,NULL),(2408,112,'type','验收类型的key',20,NULL,35,NULL,0,1,2,0,0,NULL),(2409,111,'imgs','到货清单，多个用逗号分开',20,NULL,40,NULL,0,1,2,0,0,NULL),(2410,112,'imgs','到货清单，多个用逗号分开',20,NULL,45,NULL,0,1,2,0,0,NULL),(2411,111,'remark','备注',20,NULL,50,NULL,0,1,2,0,0,NULL),(2412,112,'remark','备注',20,NULL,55,NULL,0,1,2,0,0,NULL),(2413,111,'dlt','是否删除：1删除、0不删除',20,NULL,60,NULL,0,1,2,0,0,NULL),(2414,112,'dlt','是否删除：1删除、0不删除',20,NULL,65,NULL,0,1,2,0,0,NULL),(2415,111,'createtime','创建时间',20,NULL,70,NULL,0,1,2,0,0,NULL),(2416,112,'createtime','创建时间',20,NULL,75,NULL,0,1,2,0,0,NULL),(2417,111,'updatetime','更新时间',20,NULL,80,NULL,0,1,2,0,0,NULL),(2418,112,'updatetime','更新时间',20,NULL,85,NULL,0,1,2,0,0,NULL),(2419,99,'oids','被合并的任务ID，多个ID用逗号分割',20,NULL,0,NULL,0,1,2,0,0,NULL),(2420,100,'oids','被合并的任务ID，多个ID用逗号分割',20,NULL,5,NULL,0,1,2,0,0,NULL),(2421,113,'id','ID',20,NULL,0,NULL,0,1,2,0,0,NULL),(2422,114,'id','ID',20,NULL,5,NULL,0,1,2,0,0,NULL),(2423,113,'pid','工程项目ID',20,NULL,10,NULL,0,1,2,0,0,NULL),(2424,114,'pid','工程项目ID',20,NULL,15,NULL,0,1,2,0,0,NULL),(2425,113,'start_date','开始日期',20,NULL,20,NULL,0,1,2,0,0,NULL),(2426,114,'start_date','开始日期',20,NULL,25,NULL,0,1,2,0,0,NULL),(2427,113,'duration','持续时间',20,NULL,30,NULL,0,1,2,0,0,NULL),(2428,114,'duration','持续时间',20,NULL,35,NULL,0,1,2,0,0,NULL),(2429,113,'text','任务名字',20,NULL,40,NULL,0,1,2,0,0,NULL),(2430,114,'text','任务名字',20,NULL,45,NULL,0,1,2,0,0,NULL),(2431,113,'remark','备注',20,NULL,50,NULL,0,1,2,0,0,NULL),(2432,114,'remark','备注',20,NULL,55,NULL,0,1,2,0,0,NULL),(2433,113,'dlt','是否删除：1删除、0不删除',20,NULL,60,NULL,0,1,2,0,0,NULL),(2434,114,'dlt','是否删除：1删除、0不删除',20,NULL,65,NULL,0,1,2,0,0,NULL),(2435,113,'createtime','创建时间',20,NULL,70,NULL,0,1,2,0,0,NULL),(2436,114,'createtime','创建时间',20,NULL,75,NULL,0,1,2,0,0,NULL),(2437,113,'updatetime','更新时间',20,NULL,80,NULL,0,1,2,0,0,NULL),(2438,114,'updatetime','更新时间',20,NULL,85,NULL,0,1,2,0,0,NULL),(2439,109,'sdtid','设备小类ID 关联DeviceType',20,NULL,0,NULL,0,1,2,0,0,NULL),(2440,110,'sdtid','设备小类ID 关联DeviceType',20,NULL,5,NULL,0,1,2,0,0,NULL),(2441,81,'pid','二次设备子类的父ID，第一级pid无意义且应为空',20,NULL,0,NULL,0,1,2,0,0,NULL),(2442,82,'pid','二次设备子类的父ID，第一级pid无意义且应为空',20,NULL,5,NULL,0,1,2,0,0,NULL),(2443,81,'pinyin','名称的简拼',20,NULL,10,NULL,0,1,2,0,0,NULL),(2444,82,'pinyin','名称的简拼',20,NULL,15,NULL,0,1,2,0,0,NULL),(2445,81,'type','一次设备（one）、二次设备（second）',20,NULL,20,NULL,0,1,2,0,0,NULL),(2446,82,'type','一次设备（one）、二次设备（second）',20,NULL,25,NULL,0,1,2,0,0,NULL),(2447,115,'id','ID',20,NULL,0,NULL,0,1,2,0,0,NULL),(2448,116,'id','ID',20,NULL,5,NULL,0,1,2,0,0,NULL),(2449,115,'pid','工程项目ID',20,NULL,10,NULL,0,1,2,0,0,NULL),(2450,116,'pid','工程项目ID',20,NULL,15,NULL,0,1,2,0,0,NULL),(2451,115,'name','名称',20,NULL,20,NULL,0,1,2,0,0,NULL),(2452,116,'name','名称',20,NULL,25,NULL,0,1,2,0,0,NULL),(2453,115,'plantime','计划时间',20,NULL,30,NULL,0,1,2,0,0,NULL),(2454,116,'plantime','计划时间',20,NULL,35,NULL,0,1,2,0,0,NULL),(2455,115,'flow','验收阶段',20,NULL,40,NULL,0,1,2,0,0,NULL),(2456,116,'flow','验收阶段',20,NULL,45,NULL,0,1,2,0,0,NULL),(2457,115,'devicetype','设备类型',20,NULL,50,NULL,0,1,2,0,0,NULL),(2458,116,'devicetype','设备类型',20,NULL,55,NULL,0,1,2,0,0,NULL),(2459,115,'remark','备注',20,NULL,60,NULL,0,1,2,0,0,NULL),(2460,116,'remark','备注',20,NULL,65,NULL,0,1,2,0,0,NULL),(2461,115,'createtime','创建时间',20,NULL,70,NULL,0,1,2,0,0,NULL),(2462,116,'createtime','创建时间',20,NULL,75,NULL,0,1,2,0,0,NULL),(2463,115,'updatetime','更新时间',20,NULL,80,NULL,0,1,2,0,0,NULL),(2464,116,'updatetime','更新时间',20,NULL,85,NULL,0,1,2,0,0,NULL),(2465,115,'checktype','验收类型',20,NULL,0,NULL,0,1,2,0,0,NULL),(2466,116,'checktype','验收类型',20,NULL,5,NULL,0,1,2,0,0,NULL),(2467,89,'cheker','复核人',20,NULL,0,NULL,0,1,2,0,0,NULL),(2468,90,'cheker','复核人',20,NULL,5,NULL,0,1,2,0,0,NULL),(2469,89,'checktime','复核时间',20,NULL,10,NULL,0,1,2,0,0,NULL),(2470,90,'checktime','复核时间',20,NULL,15,NULL,0,1,2,0,0,NULL),(2471,89,'checkmustclear','限定最迟多久整改',20,NULL,20,NULL,0,1,2,0,0,NULL),(2472,90,'checkmustclear','限定最迟多久整改',20,NULL,25,NULL,0,1,2,0,0,NULL),(2473,89,'checkimgs','复核失败拍照',20,NULL,30,NULL,0,1,2,0,0,NULL),(2474,90,'checkimgs','复核失败拍照',20,NULL,35,NULL,0,1,2,0,0,NULL),(2475,89,'checkremark','复核失败建议',20,NULL,40,NULL,0,1,2,0,0,NULL),(2476,90,'checkremark','复核失败建议',20,NULL,45,NULL,0,1,2,0,0,NULL),(2477,89,'checkresult','复核结果：Y通过，N未通过',20,NULL,50,NULL,0,1,2,0,0,NULL),(2478,90,'checkresult','复核结果：Y通过，N未通过',20,NULL,55,NULL,0,1,2,0,0,NULL),(2479,117,'id','ID',20,NULL,0,NULL,0,1,2,0,0,NULL),(2480,118,'id','ID',20,NULL,5,NULL,0,1,2,0,0,NULL),(2481,117,'pid','工程项目ID',20,NULL,10,NULL,0,1,2,0,0,NULL),(2482,118,'pid','工程项目ID',20,NULL,15,NULL,0,1,2,0,0,NULL),(2483,117,'name','名称',20,NULL,20,NULL,0,1,2,0,0,NULL),(2484,118,'name','名称',20,NULL,25,NULL,0,1,2,0,0,NULL),(2485,117,'paid','pro_project_attachment.id',20,NULL,30,NULL,0,1,2,0,0,NULL),(2486,118,'paid','pro_project_attachment.id',20,NULL,35,NULL,0,1,2,0,0,NULL),(2487,117,'img_path','存储的路径',20,NULL,40,NULL,0,1,2,0,0,NULL),(2488,118,'img_path','存储的路径',20,NULL,45,NULL,0,1,2,0,0,NULL),(2489,117,'remark','备注',20,NULL,50,NULL,0,1,2,0,0,NULL),(2490,118,'remark','备注',20,NULL,55,NULL,0,1,2,0,0,NULL),(2491,117,'sort','排序',20,NULL,60,NULL,0,1,2,0,0,NULL),(2492,118,'sort','排序',20,NULL,65,NULL,0,1,2,0,0,NULL),(2493,117,'dlt','是否删除：1删除、0不删除',20,NULL,70,NULL,0,1,2,0,0,NULL),(2494,118,'dlt','是否删除：1删除、0不删除',20,NULL,75,NULL,0,1,2,0,0,NULL),(2495,117,'createtime','创建时间',20,NULL,80,NULL,0,1,2,0,0,NULL),(2496,118,'createtime','创建时间',20,NULL,85,NULL,0,1,2,0,0,NULL),(2497,117,'updatetime','更新时间',20,NULL,90,NULL,0,1,2,0,0,NULL),(2498,118,'updatetime','更新时间',20,NULL,95,NULL,0,1,2,0,0,NULL),(2499,119,'id','ID',20,NULL,0,NULL,0,1,2,0,0,NULL),(2500,120,'id','ID',20,NULL,5,NULL,0,1,2,0,0,NULL),(2501,119,'docid','doc表ID',20,NULL,10,NULL,0,1,2,0,0,NULL),(2502,120,'docid','doc表ID',20,NULL,15,NULL,0,1,2,0,0,NULL),(2503,119,'pid','组别',20,NULL,20,NULL,0,1,2,0,0,NULL),(2504,120,'pid','组别',20,NULL,25,NULL,0,1,2,0,0,NULL),(2505,119,'isgroup','0表示该条记录是group',20,NULL,30,NULL,0,1,2,0,0,NULL),(2506,120,'isgroup','0表示该条记录是group',20,NULL,35,NULL,0,1,2,0,0,NULL),(2507,119,'name','名称',20,NULL,40,NULL,0,1,2,0,0,NULL),(2508,120,'name','名称',20,NULL,45,NULL,0,1,2,0,0,NULL),(2509,119,'unit','单位',20,NULL,50,NULL,0,1,2,0,0,NULL),(2510,120,'unit','单位',20,NULL,55,NULL,0,1,2,0,0,NULL),(2511,119,'key_','标示类型',20,NULL,60,NULL,0,1,2,0,0,NULL),(2512,120,'key_','标示类型',20,NULL,65,NULL,0,1,2,0,0,NULL),(2513,119,'type','输入类型：date,number,text,sign',20,NULL,70,NULL,0,1,2,0,0,NULL),(2514,120,'type','输入类型：date,number,text,sign',20,NULL,75,NULL,0,1,2,0,0,NULL),(2515,119,'default_value','project.name 表和字段名',20,NULL,80,NULL,0,1,2,0,0,NULL),(2516,120,'default_value','project.name 表和字段名',20,NULL,85,NULL,0,1,2,0,0,NULL),(2517,119,'remark','备注',20,NULL,90,NULL,0,1,2,0,0,NULL),(2518,120,'remark','备注',20,NULL,95,NULL,0,1,2,0,0,NULL),(2519,119,'sort','排序',20,NULL,100,NULL,0,1,2,0,0,NULL),(2520,120,'sort','排序',20,NULL,105,NULL,0,1,2,0,0,NULL),(2521,119,'dlt','是否删除：1删除、0不删除',20,NULL,110,NULL,0,1,2,0,0,NULL),(2522,120,'dlt','是否删除：1删除、0不删除',20,NULL,115,NULL,0,1,2,0,0,NULL),(2523,119,'createtime','创建时间',20,NULL,120,NULL,0,1,2,0,0,NULL),(2524,120,'createtime','创建时间',20,NULL,125,NULL,0,1,2,0,0,NULL),(2525,119,'updatetime','更新时间',20,NULL,130,NULL,0,1,2,0,0,NULL),(2526,120,'updatetime','更新时间',20,NULL,135,NULL,0,1,2,0,0,NULL),(2527,121,'id','ID',20,NULL,0,NULL,0,1,2,0,0,NULL),(2528,122,'id','ID',20,NULL,5,NULL,0,1,2,0,0,NULL),(2529,121,'docid','doc表ID',20,NULL,10,NULL,0,1,2,0,0,NULL),(2530,122,'docid','doc表ID',20,NULL,15,NULL,0,1,2,0,0,NULL),(2531,121,'dfid','doc_field.id',20,NULL,20,NULL,0,1,2,0,0,NULL),(2532,122,'dfid','doc_field.id',20,NULL,25,NULL,0,1,2,0,0,NULL),(2533,121,'pid','projectId',20,NULL,30,NULL,0,1,2,0,0,NULL),(2534,122,'pid','projectId',20,NULL,35,NULL,0,1,2,0,0,NULL),(2535,121,'groupid','随机生成，同一组输入保持一致。',20,NULL,40,NULL,0,1,2,0,0,NULL),(2536,122,'groupid','随机生成，同一组输入保持一致。',20,NULL,45,NULL,0,1,2,0,0,NULL),(2537,121,'name','名称',20,NULL,50,NULL,0,1,2,0,0,NULL),(2538,122,'name','名称',20,NULL,55,NULL,0,1,2,0,0,NULL),(2539,121,'unit','单位',20,NULL,60,NULL,0,1,2,0,0,NULL),(2540,122,'unit','单位',20,NULL,65,NULL,0,1,2,0,0,NULL),(2541,121,'key_','标示类型',20,NULL,70,NULL,0,1,2,0,0,NULL),(2542,122,'key_','标示类型',20,NULL,75,NULL,0,1,2,0,0,NULL),(2543,121,'type','输入类型：date,number,text,sign',20,NULL,80,NULL,0,1,2,0,0,NULL),(2544,122,'type','输入类型：date,number,text,sign',20,NULL,85,NULL,0,1,2,0,0,NULL),(2545,121,'value','输入的值',20,NULL,90,NULL,0,1,2,0,0,NULL),(2546,122,'value','输入的值',20,NULL,95,NULL,0,1,2,0,0,NULL),(2547,121,'remark','备注',20,NULL,100,NULL,0,1,2,0,0,NULL),(2548,122,'remark','备注',20,NULL,105,NULL,0,1,2,0,0,NULL),(2549,121,'sort','排序',20,NULL,110,NULL,0,1,2,0,0,NULL),(2550,122,'sort','排序',20,NULL,115,NULL,0,1,2,0,0,NULL),(2551,121,'dlt','是否删除：1删除、0不删除',20,NULL,120,NULL,0,1,2,0,0,NULL),(2552,122,'dlt','是否删除：1删除、0不删除',20,NULL,125,NULL,0,1,2,0,0,NULL),(2553,121,'createtime','创建时间',20,NULL,130,NULL,0,1,2,0,0,NULL),(2554,122,'createtime','创建时间',20,NULL,135,NULL,0,1,2,0,0,NULL),(2555,121,'updatetime','更新时间',20,NULL,140,NULL,0,1,2,0,0,NULL),(2556,122,'updatetime','更新时间',20,NULL,145,NULL,0,1,2,0,0,NULL),(2557,123,'id','ID',20,NULL,0,NULL,0,1,2,0,0,NULL),(2558,124,'id','ID',20,NULL,5,NULL,0,1,2,0,0,NULL),(2559,123,'pid','父ID',20,NULL,10,NULL,0,1,2,0,0,NULL),(2560,124,'pid','父ID',20,NULL,15,NULL,0,1,2,0,0,NULL),(2561,123,'name','名称',20,NULL,20,NULL,0,1,2,0,0,NULL),(2562,124,'name','名称',20,NULL,25,NULL,0,1,2,0,0,NULL),(2563,123,'key_','标示类型',20,NULL,30,NULL,0,1,2,0,0,NULL),(2564,124,'key_','标示类型',20,NULL,35,NULL,0,1,2,0,0,NULL),(2565,123,'type','doc表示文档,table表示表格样式',20,NULL,40,NULL,0,1,2,0,0,NULL),(2566,124,'type','doc表示文档,table表示表格样式',20,NULL,45,NULL,0,1,2,0,0,NULL),(2567,123,'tpl_path','存储的路径',20,NULL,50,NULL,0,1,2,0,0,NULL),(2568,124,'tpl_path','存储的路径',20,NULL,55,NULL,0,1,2,0,0,NULL),(2569,123,'thumb_path','缩略图路径',20,NULL,60,NULL,0,1,2,0,0,NULL),(2570,124,'thumb_path','缩略图路径',20,NULL,65,NULL,0,1,2,0,0,NULL),(2571,123,'have_sign','0表示没有签字，非零表示有签字',20,NULL,70,NULL,0,1,2,0,0,NULL),(2572,124,'have_sign','0表示没有签字，非零表示有签字',20,NULL,75,NULL,0,1,2,0,0,NULL),(2573,123,'remark','备注',20,NULL,80,NULL,0,1,2,0,0,NULL),(2574,124,'remark','备注',20,NULL,85,NULL,0,1,2,0,0,NULL),(2575,123,'sort','排序',20,NULL,90,NULL,0,1,2,0,0,NULL),(2576,124,'sort','排序',20,NULL,95,NULL,0,1,2,0,0,NULL),(2577,123,'dlt','是否删除：1删除、0不删除',20,NULL,100,NULL,0,1,2,0,0,NULL),(2578,124,'dlt','是否删除：1删除、0不删除',20,NULL,105,NULL,0,1,2,0,0,NULL),(2579,123,'createtime','创建时间',20,NULL,110,NULL,0,1,2,0,0,NULL),(2580,124,'createtime','创建时间',20,NULL,115,NULL,0,1,2,0,0,NULL),(2581,123,'updatetime','更新时间',20,NULL,120,NULL,0,1,2,0,0,NULL),(2582,124,'updatetime','更新时间',20,NULL,125,NULL,0,1,2,0,0,NULL),(2583,125,'id','ID',20,NULL,0,NULL,0,1,2,0,0,NULL),(2584,126,'id','ID',20,NULL,5,NULL,0,1,2,0,0,NULL),(2585,125,'docid','doc表ID',20,NULL,10,NULL,0,1,2,0,0,NULL),(2586,126,'docid','doc表ID',20,NULL,15,NULL,0,1,2,0,0,NULL),(2587,125,'dfid','doc_field.id',20,NULL,20,NULL,0,1,2,0,0,NULL),(2588,126,'dfid','doc_field.id',20,NULL,25,NULL,0,1,2,0,0,NULL),(2589,125,'pid','projectId',20,NULL,30,NULL,0,1,2,0,0,NULL),(2590,126,'pid','projectId',20,NULL,35,NULL,0,1,2,0,0,NULL),(2591,125,'key_','标示类型',20,NULL,40,NULL,0,1,2,0,0,NULL),(2592,126,'key_','标示类型',20,NULL,45,NULL,0,1,2,0,0,NULL),(2593,125,'value','group的值',20,NULL,50,NULL,0,1,2,0,0,NULL),(2594,126,'value','group的值',20,NULL,55,NULL,0,1,2,0,0,NULL),(2595,125,'remark','备注',20,NULL,60,NULL,0,1,2,0,0,NULL),(2596,126,'remark','备注',20,NULL,65,NULL,0,1,2,0,0,NULL),(2597,125,'sort','排序',20,NULL,70,NULL,0,1,2,0,0,NULL),(2598,126,'sort','排序',20,NULL,75,NULL,0,1,2,0,0,NULL),(2599,125,'dlt','是否删除：1删除、0不删除',20,NULL,80,NULL,0,1,2,0,0,NULL),(2600,126,'dlt','是否删除：1删除、0不删除',20,NULL,85,NULL,0,1,2,0,0,NULL),(2601,125,'createtime','创建时间',20,NULL,90,NULL,0,1,2,0,0,NULL),(2602,126,'createtime','创建时间',20,NULL,95,NULL,0,1,2,0,0,NULL),(2603,125,'updatetime','更新时间',20,NULL,100,NULL,0,1,2,0,0,NULL),(2604,126,'updatetime','更新时间',20,NULL,105,NULL,0,1,2,0,0,NULL),(2605,127,'id','默认同pms_obj_id',20,NULL,0,NULL,0,1,2,0,0,NULL),(2606,128,'id','默认同pms_obj_id',20,NULL,5,NULL,0,1,2,0,0,NULL),(2607,127,'pms_DZLX','',20,NULL,10,NULL,0,1,2,0,0,NULL),(2608,128,'pms_DZLX','',20,NULL,15,NULL,0,1,2,0,0,NULL),(2609,127,'pms_WHDJ','',20,NULL,20,NULL,0,1,2,0,0,NULL),(2610,128,'pms_WHDJ','',20,NULL,25,NULL,0,1,2,0,0,NULL),(2611,127,'pms_YXZT','',20,NULL,30,NULL,0,1,2,0,0,NULL),(2612,128,'pms_YXZT','',20,NULL,35,NULL,0,1,2,0,0,NULL),(2613,127,'pms_WHBZ','',20,NULL,40,NULL,0,1,2,0,0,NULL),(2614,128,'pms_WHBZ','',20,NULL,45,NULL,0,1,2,0,0,NULL),(2615,127,'pms_BDZMC','',20,NULL,50,NULL,0,1,2,0,0,NULL),(2616,128,'pms_BDZMC','',20,NULL,55,NULL,0,1,2,0,0,NULL),(2617,127,'pms_BZFS','',20,NULL,60,NULL,0,1,2,0,0,NULL),(2618,128,'pms_BZFS','',20,NULL,65,NULL,0,1,2,0,0,NULL),(2619,127,'pms_SFSNZ','',20,NULL,70,NULL,0,1,2,0,0,NULL),(2620,128,'pms_SFSNZ','',20,NULL,75,NULL,0,1,2,0,0,NULL),(2621,127,'pms_TYRQ','',20,NULL,80,NULL,0,1,2,0,0,NULL),(2622,128,'pms_TYRQ','',20,NULL,85,NULL,0,1,2,0,0,NULL),(2623,127,'pms_obj_id','',20,NULL,90,NULL,0,1,2,0,0,NULL),(2624,128,'pms_obj_id','',20,NULL,95,NULL,0,1,2,0,0,NULL),(2625,127,'pms_DYDJ','',20,NULL,100,NULL,0,1,2,0,0,NULL),(2626,128,'pms_DYDJ','',20,NULL,105,NULL,0,1,2,0,0,NULL),(2627,127,'remark','备注',20,NULL,110,NULL,0,1,2,0,0,NULL),(2628,128,'remark','备注',20,NULL,115,NULL,0,1,2,0,0,NULL),(2629,127,'dlt','是否删除：1删除、0不删除',20,NULL,120,NULL,0,1,2,0,0,NULL),(2630,128,'dlt','是否删除：1删除、0不删除',20,NULL,125,NULL,0,1,2,0,0,NULL),(2631,127,'createtime','创建时间',20,NULL,130,NULL,0,1,2,0,0,NULL),(2632,128,'createtime','创建时间',20,NULL,135,NULL,0,1,2,0,0,NULL),(2633,127,'updatetime','更新时间',20,NULL,140,NULL,0,1,2,0,0,NULL),(2634,128,'updatetime','更新时间',20,NULL,145,NULL,0,1,2,0,0,NULL),(2635,129,'id','默认同pms_obj_id',20,NULL,0,NULL,0,1,2,0,0,NULL),(2636,130,'id','默认同pms_obj_id',20,NULL,5,NULL,0,1,2,0,0,NULL),(2637,129,'bid','变电站ID',20,NULL,10,NULL,0,1,2,0,0,NULL),(2638,130,'bid','变电站ID',20,NULL,15,NULL,0,1,2,0,0,NULL),(2639,129,'sid','间隔ID',20,NULL,20,NULL,0,1,2,0,0,NULL),(2640,130,'sid','间隔ID',20,NULL,25,NULL,0,1,2,0,0,NULL),(2641,129,'one','是否是一次：yes，no',20,NULL,30,NULL,0,1,2,0,0,NULL),(2642,130,'one','是否是一次：yes，no',20,NULL,35,NULL,0,1,2,0,0,NULL),(2643,129,'second','是否是二次：yes，no',20,NULL,40,NULL,0,1,2,0,0,NULL),(2644,130,'second','是否是二次：yes，no',20,NULL,45,NULL,0,1,2,0,0,NULL),(2645,129,'pms_XS','',20,NULL,50,NULL,0,1,2,0,0,NULL),(2646,130,'pms_XS','',20,NULL,55,NULL,0,1,2,0,0,NULL),(2647,129,'pms_YXBH','',20,NULL,60,NULL,0,1,2,0,0,NULL),(2648,130,'pms_YXBH','',20,NULL,65,NULL,0,1,2,0,0,NULL),(2649,129,'pms_DXMPYXKID','',20,NULL,70,NULL,0,1,2,0,0,NULL),(2650,130,'pms_DXMPYXKID','',20,NULL,75,NULL,0,1,2,0,0,NULL),(2651,129,'pms_SBMC','',20,NULL,80,NULL,0,1,2,0,0,NULL),(2652,130,'pms_SBMC','',20,NULL,85,NULL,0,1,2,0,0,NULL),(2653,129,'pms_YXZT','',20,NULL,90,NULL,0,1,2,0,0,NULL),(2654,130,'pms_YXZT','',20,NULL,95,NULL,0,1,2,0,0,NULL),(2655,129,'pms_yzz','',20,NULL,100,NULL,0,1,2,0,0,NULL),(2656,130,'pms_yzz','',20,NULL,105,NULL,0,1,2,0,0,NULL),(2657,129,'pms_JGDY','',20,NULL,110,NULL,0,1,2,0,0,NULL),(2658,130,'pms_JGDY','',20,NULL,115,NULL,0,1,2,0,0,NULL),(2659,129,'pms_SBLX','',20,NULL,120,NULL,0,1,2,0,0,NULL),(2660,130,'pms_SBLX','',20,NULL,125,NULL,0,1,2,0,0,NULL),(2661,129,'pms_obj_id','',20,NULL,130,NULL,0,1,2,0,0,NULL),(2662,130,'pms_obj_id','',20,NULL,135,NULL,0,1,2,0,0,NULL),(2663,129,'pms_DYDJ','',20,NULL,140,NULL,0,1,2,0,0,NULL),(2664,130,'pms_DYDJ','',20,NULL,145,NULL,0,1,2,0,0,NULL),(2665,129,'pms_YGLTX','',20,NULL,150,NULL,0,1,2,0,0,NULL),(2666,130,'pms_YGLTX','',20,NULL,155,NULL,0,1,2,0,0,NULL),(2667,129,'remark','备注',20,NULL,160,NULL,0,1,2,0,0,NULL),(2668,130,'remark','备注',20,NULL,165,NULL,0,1,2,0,0,NULL),(2669,129,'dlt','是否删除：1删除、0不删除',20,NULL,170,NULL,0,1,2,0,0,NULL),(2670,130,'dlt','是否删除：1删除、0不删除',20,NULL,175,NULL,0,1,2,0,0,NULL),(2671,129,'createtime','创建时间',20,NULL,180,NULL,0,1,2,0,0,NULL),(2672,130,'createtime','创建时间',20,NULL,185,NULL,0,1,2,0,0,NULL),(2673,129,'updatetime','更新时间',20,NULL,190,NULL,0,1,2,0,0,NULL),(2674,130,'updatetime','更新时间',20,NULL,195,NULL,0,1,2,0,0,NULL),(2675,131,'id','type+key',20,NULL,0,NULL,0,1,2,0,0,NULL),(2676,132,'id','type+key',20,NULL,5,NULL,0,1,2,0,0,NULL),(2677,131,'type','类型',20,NULL,10,NULL,0,1,2,0,0,NULL),(2678,132,'type','类型',20,NULL,15,NULL,0,1,2,0,0,NULL),(2679,131,'key','key',20,NULL,20,NULL,0,1,2,0,0,NULL),(2680,132,'key','key',20,NULL,25,NULL,0,1,2,0,0,NULL),(2681,131,'text','显示的文本',20,NULL,30,NULL,0,1,2,0,0,NULL),(2682,132,'text','显示的文本',20,NULL,35,NULL,0,1,2,0,0,NULL),(2683,131,'remark','备注',20,NULL,40,NULL,0,1,2,0,0,NULL),(2684,132,'remark','备注',20,NULL,45,NULL,0,1,2,0,0,NULL),(2685,131,'dlt','是否删除：1删除、0不删除',20,NULL,50,NULL,0,1,2,0,0,NULL),(2686,132,'dlt','是否删除：1删除、0不删除',20,NULL,55,NULL,0,1,2,0,0,NULL),(2687,131,'createtime','创建时间',20,NULL,60,NULL,0,1,2,0,0,NULL),(2688,132,'createtime','创建时间',20,NULL,65,NULL,0,1,2,0,0,NULL),(2689,131,'updatetime','更新时间',20,NULL,70,NULL,0,1,2,0,0,NULL),(2690,132,'updatetime','更新时间',20,NULL,75,NULL,0,1,2,0,0,NULL),(2691,133,'id','默认同pms_obj_id',20,NULL,0,NULL,0,1,2,0,0,NULL),(2692,134,'id','默认同pms_obj_id',20,NULL,5,NULL,0,1,2,0,0,NULL),(2693,133,'bid','变电站ID',20,NULL,10,NULL,0,1,2,0,0,NULL),(2694,134,'bid','变电站ID',20,NULL,15,NULL,0,1,2,0,0,NULL),(2695,133,'one','是否是一次：yes，no',20,NULL,20,NULL,0,1,2,0,0,NULL),(2696,134,'one','是否是一次：yes，no',20,NULL,25,NULL,0,1,2,0,0,NULL),(2697,133,'second','是否是二次：yes，no',20,NULL,30,NULL,0,1,2,0,0,NULL),(2698,134,'second','是否是二次：yes，no',20,NULL,35,NULL,0,1,2,0,0,NULL),(2699,133,'pms_SSZF','',20,NULL,40,NULL,0,1,2,0,0,NULL),(2700,134,'pms_SSZF','',20,NULL,45,NULL,0,1,2,0,0,NULL),(2701,133,'pms_DDDW','',20,NULL,50,NULL,0,1,2,0,0,NULL),(2702,134,'pms_DDDW','',20,NULL,55,NULL,0,1,2,0,0,NULL),(2703,133,'pms_JGDYMC','',20,NULL,60,NULL,0,1,2,0,0,NULL),(2704,134,'pms_JGDYMC','',20,NULL,65,NULL,0,1,2,0,0,NULL),(2705,133,'pms_JXFS','',20,NULL,70,NULL,0,1,2,0,0,NULL),(2706,134,'pms_JXFS','',20,NULL,75,NULL,0,1,2,0,0,NULL),(2707,133,'pms_JGDYLX','',20,NULL,80,NULL,0,1,2,0,0,NULL),(2708,134,'pms_JGDYLX','',20,NULL,85,NULL,0,1,2,0,0,NULL),(2709,133,'pms_obj_id','',20,NULL,90,NULL,0,1,2,0,0,NULL),(2710,134,'pms_obj_id','',20,NULL,95,NULL,0,1,2,0,0,NULL),(2711,133,'pms_DYDJ','',20,NULL,100,NULL,0,1,2,0,0,NULL),(2712,134,'pms_DYDJ','',20,NULL,105,NULL,0,1,2,0,0,NULL),(2713,133,'pms_JGDYBH','',20,NULL,110,NULL,0,1,2,0,0,NULL),(2714,134,'pms_JGDYBH','',20,NULL,115,NULL,0,1,2,0,0,NULL),(2715,133,'remark','备注',20,NULL,120,NULL,0,1,2,0,0,NULL),(2716,134,'remark','备注',20,NULL,125,NULL,0,1,2,0,0,NULL),(2717,133,'dlt','是否删除：1删除、0不删除',20,NULL,130,NULL,0,1,2,0,0,NULL),(2718,134,'dlt','是否删除：1删除、0不删除',20,NULL,135,NULL,0,1,2,0,0,NULL),(2719,133,'createtime','创建时间',20,NULL,140,NULL,0,1,2,0,0,NULL),(2720,134,'createtime','创建时间',20,NULL,145,NULL,0,1,2,0,0,NULL),(2721,133,'updatetime','更新时间',20,NULL,150,NULL,0,1,2,0,0,NULL),(2722,134,'updatetime','更新时间',20,NULL,155,NULL,0,1,2,0,0,NULL),(2723,135,'id','ID',20,NULL,0,NULL,0,1,2,0,0,NULL),(2724,136,'id','ID',20,NULL,5,NULL,0,1,2,0,0,NULL),(2725,135,'did','设备ID',20,NULL,10,NULL,0,1,2,0,0,NULL),(2726,136,'did','设备ID',20,NULL,15,NULL,0,1,2,0,0,NULL),(2727,135,'iid','问题ID',20,NULL,20,NULL,0,1,2,0,0,NULL),(2728,136,'iid','问题ID',20,NULL,25,NULL,0,1,2,0,0,NULL),(2729,135,'remark','备注',20,NULL,30,NULL,0,1,2,0,0,NULL),(2730,136,'remark','备注',20,NULL,35,NULL,0,1,2,0,0,NULL),(2731,135,'dlt','是否删除：1删除、0不删除',20,NULL,40,NULL,0,1,2,0,0,NULL),(2732,136,'dlt','是否删除：1删除、0不删除',20,NULL,45,NULL,0,1,2,0,0,NULL),(2733,135,'createtime','创建时间',20,NULL,50,NULL,0,1,2,0,0,NULL),(2734,136,'createtime','创建时间',20,NULL,55,NULL,0,1,2,0,0,NULL),(2735,135,'updatetime','更新时间',20,NULL,60,NULL,0,1,2,0,0,NULL),(2736,136,'updatetime','更新时间',20,NULL,65,NULL,0,1,2,0,0,NULL),(2737,137,'id','ID',20,NULL,0,NULL,0,1,2,0,0,NULL),(2738,138,'id','ID',20,NULL,5,NULL,0,1,2,0,0,NULL),(2739,137,'did','设备ID',20,NULL,10,NULL,0,1,2,0,0,NULL),(2740,138,'did','设备ID',20,NULL,15,NULL,0,1,2,0,0,NULL),(2741,137,'tid','任务ID',20,NULL,20,NULL,0,1,2,0,0,NULL),(2742,138,'tid','任务ID',20,NULL,25,NULL,0,1,2,0,0,NULL),(2743,137,'remark','备注',20,NULL,30,NULL,0,1,2,0,0,NULL),(2744,138,'remark','备注',20,NULL,35,NULL,0,1,2,0,0,NULL),(2745,137,'dlt','是否删除：1删除、0不删除',20,NULL,40,NULL,0,1,2,0,0,NULL),(2746,138,'dlt','是否删除：1删除、0不删除',20,NULL,45,NULL,0,1,2,0,0,NULL),(2747,137,'createtime','创建时间',20,NULL,50,NULL,0,1,2,0,0,NULL),(2748,138,'createtime','创建时间',20,NULL,55,NULL,0,1,2,0,0,NULL),(2749,137,'updatetime','更新时间',20,NULL,60,NULL,0,1,2,0,0,NULL),(2750,138,'updatetime','更新时间',20,NULL,65,NULL,0,1,2,0,0,NULL),(2751,89,'pid','project.id',20,NULL,0,NULL,0,1,2,0,0,NULL),(2752,90,'pid','project.id',20,NULL,5,NULL,0,1,2,0,0,NULL),(2753,89,'flow','流程',20,NULL,10,NULL,0,1,2,0,0,NULL),(2754,90,'flow','流程',20,NULL,15,NULL,0,1,2,0,0,NULL),(2755,89,'dtid','deviceType.id',20,NULL,20,NULL,0,1,2,0,0,NULL),(2756,90,'dtid','deviceType.id',20,NULL,25,NULL,0,1,2,0,0,NULL),(2757,89,'ctid','cardType.id',20,NULL,30,NULL,0,1,2,0,0,NULL),(2758,90,'ctid','cardType.id',20,NULL,35,NULL,0,1,2,0,0,NULL),(2759,89,'sbxh','taskcard.sbxh',20,NULL,40,NULL,0,1,2,0,0,NULL),(2760,90,'sbxh','taskcard.sbxh',20,NULL,45,NULL,0,1,2,0,0,NULL),(2761,89,'space','间隔',20,NULL,50,NULL,0,1,2,0,0,NULL),(2762,90,'space','间隔',20,NULL,55,NULL,0,1,2,0,0,NULL),(2763,89,'devicename','设备名称',20,NULL,60,NULL,0,1,2,0,0,NULL),(2764,90,'devicename','设备名称',20,NULL,65,NULL,0,1,2,0,0,NULL),(2765,115,'finishTime','计划时间',20,NULL,0,NULL,0,1,2,0,0,NULL),(2766,116,'finishTime','计划时间',20,NULL,5,NULL,0,1,2,0,0,NULL),(2767,99,'space','间隔',20,NULL,0,NULL,0,1,2,0,0,NULL),(2768,100,'space','间隔',20,NULL,5,NULL,0,1,2,0,0,NULL),(2769,139,'id','ID',20,NULL,0,NULL,0,1,2,0,0,NULL),(2770,140,'id','ID',20,NULL,5,NULL,0,1,2,0,0,NULL),(2771,139,'riid','result_issue.id',20,NULL,10,NULL,0,1,2,0,0,NULL),(2772,140,'riid','result_issue.id',20,NULL,15,NULL,0,1,2,0,0,NULL),(2773,139,'operator','操作人',20,NULL,20,NULL,0,1,2,0,0,NULL),(2774,140,'operator','操作人',20,NULL,25,NULL,0,1,2,0,0,NULL),(2775,139,'status','状态:create,clear,remain,check_y,check_n',20,NULL,30,NULL,0,1,2,0,0,NULL),(2776,140,'status','状态:create,clear,remain,check_y,check_n',20,NULL,35,NULL,0,1,2,0,0,NULL),(2777,139,'op_time','操作时间',20,NULL,40,NULL,0,1,2,0,0,NULL),(2778,140,'op_time','操作时间',20,NULL,45,NULL,0,1,2,0,0,NULL),(2779,139,'op_img','操作图片',20,NULL,50,NULL,0,1,2,0,0,NULL),(2780,140,'op_img','操作图片',20,NULL,55,NULL,0,1,2,0,0,NULL),(2781,139,'op_content','操作内容',20,NULL,60,NULL,0,1,2,0,0,NULL),(2782,140,'op_content','操作内容',20,NULL,65,NULL,0,1,2,0,0,NULL),(2783,139,'op_extra','扩展字段.具体含义由内容使用',20,NULL,70,NULL,0,1,2,0,0,NULL),(2784,140,'op_extra','扩展字段.具体含义由内容使用',20,NULL,75,NULL,0,1,2,0,0,NULL),(2785,139,'remark','备注',20,NULL,80,NULL,0,1,2,0,0,NULL),(2786,140,'remark','备注',20,NULL,85,NULL,0,1,2,0,0,NULL),(2787,139,'sort','排序',20,NULL,90,NULL,0,1,2,0,0,NULL),(2788,140,'sort','排序',20,NULL,95,NULL,0,1,2,0,0,NULL),(2789,139,'dlt','是否删除：1删除、0不删除',20,NULL,100,NULL,0,1,2,0,0,NULL),(2790,140,'dlt','是否删除：1删除、0不删除',20,NULL,105,NULL,0,1,2,0,0,NULL),(2791,139,'createtime','创建时间',20,NULL,110,NULL,0,1,2,0,0,NULL),(2792,140,'createtime','创建时间',20,NULL,115,NULL,0,1,2,0,0,NULL),(2793,139,'updatetime','更新时间',20,NULL,120,NULL,0,1,2,0,0,NULL),(2794,140,'updatetime','更新时间',20,NULL,125,NULL,0,1,2,0,0,NULL),(2795,89,'responsibility','责任单位',20,NULL,0,NULL,0,1,2,0,0,NULL),(2796,90,'responsibility','责任单位',20,NULL,5,NULL,0,1,2,0,0,NULL),(2797,89,'limittime','限期完成时间',20,NULL,10,NULL,0,1,2,0,0,NULL),(2798,90,'limittime','限期完成时间',20,NULL,15,NULL,0,1,2,0,0,NULL),(2799,71,'lowest','单位最小值',20,NULL,0,NULL,0,1,2,0,0,NULL),(2800,72,'lowest','单位最小值',20,NULL,5,NULL,0,1,2,0,0,NULL),(2801,71,'highest','单位最大值',20,NULL,10,NULL,0,1,2,0,0,NULL),(2802,72,'highest','单位最大值',20,NULL,15,NULL,0,1,2,0,0,NULL);
/*!40000 ALTER TABLE `k_iefield` ENABLE KEYS */;
UNLOCK TABLES;

--
-- Table structure for table `k_iexport`
--

DROP TABLE IF EXISTS `k_iexport`;
/*!40101 SET @saved_cs_client     = @@character_set_client */;
/*!40101 SET character_set_client = utf8 */;
CREATE TABLE `k_iexport` (
  `ieid` int(11) NOT NULL AUTO_INCREMENT COMMENT '配置ID',
  `iename` varchar(100) DEFAULT NULL COMMENT '导入导出配置名称',
  `ietype` varchar(100) DEFAULT NULL COMMENT '类型(导入、导出)',
  `ietable` varchar(100) DEFAULT NULL,
  `enabled` int(11) DEFAULT '0' COMMENT '是否用',
  PRIMARY KEY (`ieid`)
) ENGINE=InnoDB AUTO_INCREMENT=141 DEFAULT CHARSET=utf8 COMMENT='导入导出配置';
/*!40101 SET character_set_client = @saved_cs_client */;

--
-- Dumping data for table `k_iexport`
--

LOCK TABLES `k_iexport` WRITE;
/*!40000 ALTER TABLE `k_iexport` DISABLE KEYS */;
INSERT INTO `k_iexport` VALUES (69,NULL,'导入','card',0),(70,NULL,'导出','card',0),(71,NULL,'导入','card_copy',0),(72,NULL,'导出','card_copy',0),(73,NULL,'导入','card_item',0),(74,NULL,'导出','card_item',0),(75,NULL,'导入','card_item_type',0),(76,NULL,'导出','card_item_type',0),(77,NULL,'导入','card_standard',0),(78,NULL,'导出','card_standard',0),(79,NULL,'导入','card_type',0),(80,NULL,'导出','card_type',0),(81,NULL,'导入','device_type',0),(82,NULL,'导出','device_type',0),(83,NULL,'导入','pro_project',0),(84,NULL,'导出','pro_project',0),(85,NULL,'导入','pro_project_attachment',0),(86,NULL,'导出','pro_project_attachment',0),(87,NULL,'导入','pro_project_scal',0),(88,NULL,'导出','pro_project_scal',0),(89,NULL,'导入','result_issue',0),(90,NULL,'导出','result_issue',0),(91,NULL,'导入','result_issue_important',0),(92,NULL,'导出','result_issue_important',0),(93,NULL,'导入','result_item',0),(94,NULL,'导出','result_item',0),(95,NULL,'导入','result_item_copy',0),(96,NULL,'导出','result_item_copy',0),(97,NULL,'导入','result_signname',0),(98,NULL,'导出','result_signname',0),(99,NULL,'导入','task',0),(100,NULL,'导出','task',0),(101,NULL,'导入','task_card',0),(102,NULL,'导出','task_card',0),(103,NULL,'导入','k_user',0),(104,NULL,'导出','k_user',0),(105,NULL,'导入','k_department',0),(106,NULL,'导出','k_department',0),(107,NULL,'导入','sys_config',0),(108,NULL,'导出','sys_config',0),(109,NULL,'导入','count_device',0),(110,NULL,'导出','count_device',0),(111,NULL,'导入','count_task',0),(112,NULL,'导出','count_task',0),(113,NULL,'导入','pro_progress',0),(114,NULL,'导出','pro_progress',0),(115,NULL,'导入','pro_milestone',0),(116,NULL,'导出','pro_milestone',0),(117,NULL,'导入','pro_project_attachment_image',0),(118,NULL,'导出','pro_project_attachment_image',0),(119,NULL,'导入','doc_field',0),(120,NULL,'导出','doc_field',0),(121,NULL,'导入','doc_field_value',0),(122,NULL,'导出','doc_field_value',0),(123,NULL,'导入','doc_file',0),(124,NULL,'导出','doc_file',0),(125,NULL,'导入','doc_group_value',0),(126,NULL,'导出','doc_group_value',0),(127,NULL,'导入','pms_bdz',0),(128,NULL,'导出','pms_bdz',0),(129,NULL,'导入','pms_device',0),(130,NULL,'导出','pms_device',0),(131,NULL,'导入','pms_dict',0),(132,NULL,'导出','pms_dict',0),(133,NULL,'导入','pms_spacing',0),(134,NULL,'导出','pms_spacing',0),(135,NULL,'导入','rel_device_issue',0),(136,NULL,'导出','rel_device_issue',0),(137,NULL,'导入','rel_device_task',0),(138,NULL,'导出','rel_device_task',0),(139,NULL,'导入','result_issue_log',0),(140,NULL,'导出','result_issue_log',0);
/*!40000 ALTER TABLE `k_iexport` ENABLE KEYS */;
UNLOCK TABLES;

--
-- Table structure for table `k_lookup`
--

DROP TABLE IF EXISTS `k_lookup`;
/*!40101 SET @saved_cs_client     = @@character_set_client */;
/*!40101 SET character_set_client = utf8 */;
CREATE TABLE `k_lookup` (
  `lkid` int(11) NOT NULL AUTO_INCREMENT COMMENT '主键ID',
  `ltid` varchar(100) COLLATE utf8_bin DEFAULT NULL COMMENT '类型ID',
  `lkey` varchar(100) COLLATE utf8_bin DEFAULT NULL COMMENT 'KEY',
  `lvalue` varchar(100) COLLATE utf8_bin DEFAULT NULL COMMENT 'VALUE',
  `remark` varchar(255) COLLATE utf8_bin DEFAULT NULL COMMENT '备注',
  `enabled` int(11) DEFAULT '0' COMMENT '是否可用',
  `last_modify_time` datetime DEFAULT CURRENT_TIMESTAMP ON UPDATE CURRENT_TIMESTAMP COMMENT '最后修改时间',
  `create_time` datetime DEFAULT CURRENT_TIMESTAMP COMMENT '创建时间',
  PRIMARY KEY (`lkid`)
) ENGINE=InnoDB AUTO_INCREMENT=20 DEFAULT CHARSET=utf8 COLLATE=utf8_bin COMMENT='Lookup';
/*!40101 SET character_set_client = @saved_cs_client */;

--
-- Dumping data for table `k_lookup`
--

LOCK TABLES `k_lookup` WRITE;
/*!40000 ALTER TABLE `k_lookup` DISABLE KEYS */;
INSERT INTO `k_lookup` VALUES (4,'project_type','基建工程','基建工程','基建工程',0,'2016-11-01 16:24:05','2016-11-01 16:24:05'),(5,'project_type','技改工程','技改工程','技改工程',0,'2016-11-01 16:47:45','2016-11-01 16:24:33'),(6,'checktype','现场验收','现场验收',NULL,0,'2016-11-04 10:34:42','2016-11-04 10:34:42'),(7,'checktype','资料检查/现场抽检','资料检查/现场抽检',NULL,0,'2016-11-04 10:34:54','2016-11-04 10:34:54'),(8,'attachmentType','合同','合同',NULL,0,'2016-11-11 15:47:06','2016-11-11 15:40:44'),(9,'attachmentType','资料','资料',NULL,0,'2016-11-11 15:47:12','2016-11-11 15:44:47'),(10,'attachmentType','其他','其他',NULL,0,'2016-11-11 15:47:19','2016-11-11 15:44:55'),(11,'deviceTypeCategory','一次设备','one','一次设备',0,'2016-12-14 21:09:00','2016-12-14 21:09:00'),(12,'deviceTypeCategory','二次设备','second','二次设备',0,'2016-12-14 21:09:55','2016-12-14 21:09:55'),(13,'deviceTypeCategory','土建及辅助设备','other','土建及辅助设备',0,'2016-12-14 21:10:32','2016-12-14 21:10:32'),(14,'attachmentType','验收计划','验收计划','验收计划',0,'2016-12-21 14:30:47','2016-12-21 14:30:47'),(15,'attachmentType','验收方案','验收方案','验收方案',0,'2016-12-21 14:30:57','2016-12-21 14:30:57'),(16,'attachmentType','监理报告','监理报告','监理报告',0,'2016-12-21 14:31:05','2016-12-21 14:31:05'),(17,'attachmentType','订货资料','订货资料','订货资料',0,'2016-12-22 13:34:42','2016-12-22 13:34:42'),(18,'attachmentType','启动验收报告','启动验收报告','启动验收报告',0,'2016-12-22 13:49:30','2016-12-22 13:49:30'),(19,'attachmentType','启动试运行方案','启动试运行方案','启动试运行方案',0,'2016-12-22 13:49:37','2016-12-22 13:49:37');
/*!40000 ALTER TABLE `k_lookup` ENABLE KEYS */;
UNLOCK TABLES;

--
-- Table structure for table `k_lookup_type`
--

DROP TABLE IF EXISTS `k_lookup_type`;
/*!40101 SET @saved_cs_client     = @@character_set_client */;
/*!40101 SET character_set_client = utf8 */;
CREATE TABLE `k_lookup_type` (
  `ltid` varchar(100) COLLATE utf8_bin NOT NULL COMMENT '类型ID',
  `tname` varchar(100) COLLATE utf8_bin DEFAULT NULL COMMENT '类型名称',
  `remark` varchar(255) COLLATE utf8_bin DEFAULT NULL COMMENT '备注',
  `enabled` int(11) DEFAULT '0' COMMENT '是否可用',
  `last_modify_time` datetime DEFAULT CURRENT_TIMESTAMP ON UPDATE CURRENT_TIMESTAMP COMMENT '最后修改时间',
  `create_time` datetime DEFAULT CURRENT_TIMESTAMP COMMENT '创建时间',
  PRIMARY KEY (`ltid`)
) ENGINE=InnoDB DEFAULT CHARSET=utf8 COLLATE=utf8_bin COMMENT='LookType';
/*!40101 SET character_set_client = @saved_cs_client */;

--
-- Dumping data for table `k_lookup_type`
--

LOCK TABLES `k_lookup_type` WRITE;
/*!40000 ALTER TABLE `k_lookup_type` DISABLE KEYS */;
INSERT INTO `k_lookup_type` VALUES ('attachmentType','附件类型',NULL,0,'2016-11-11 15:39:52','2016-11-11 15:39:52'),('checktype','检查方式','验收小项检查方式',0,'2016-11-04 10:33:59','2016-11-04 10:33:59'),('deviceTypeCategory','设备类别','设备类别',0,'2016-12-14 21:08:24','2016-12-14 21:08:24'),('project_type','项目类型',NULL,0,'2016-11-01 16:22:34','2016-11-01 16:22:34');
/*!40000 ALTER TABLE `k_lookup_type` ENABLE KEYS */;
UNLOCK TABLES;

--
-- Table structure for table `k_menu`
--

DROP TABLE IF EXISTS `k_menu`;
/*!40101 SET @saved_cs_client     = @@character_set_client */;
/*!40101 SET character_set_client = utf8 */;
CREATE TABLE `k_menu` (
  `menuid` varchar(100) COLLATE utf8_bin NOT NULL COMMENT '菜单ID',
  `mname` varchar(100) COLLATE utf8_bin DEFAULT NULL COMMENT '菜单名称',
  `murl` varchar(100) COLLATE utf8_bin DEFAULT NULL COMMENT '菜单地址',
  `pmenuid` varchar(100) COLLATE utf8_bin DEFAULT NULL COMMENT '父级菜单',
  `enabled` int(11) DEFAULT '0' COMMENT '是否可用',
  `last_modify_time` datetime DEFAULT CURRENT_TIMESTAMP ON UPDATE CURRENT_TIMESTAMP COMMENT '最后修改时间',
  `create_time` datetime DEFAULT CURRENT_TIMESTAMP COMMENT '创建时间',
  `ord` int(11) DEFAULT '0' COMMENT '排序',
  PRIMARY KEY (`menuid`)
) ENGINE=InnoDB DEFAULT CHARSET=utf8 COLLATE=utf8_bin COMMENT='菜单配置';
/*!40101 SET character_set_client = @saved_cs_client */;

--
-- Dumping data for table `k_menu`
--

LOCK TABLES `k_menu` WRITE;
/*!40000 ALTER TABLE `k_menu` DISABLE KEYS */;
INSERT INTO `k_menu` VALUES ('card','验收标准卡','/app/card','funcs',0,'2016-11-02 20:57:03','2016-10-31 16:04:57',-1),('cardcopy','验收小项抄录项','/app/cardcopy','funcs',0,'2016-10-31 16:11:18','2016-10-31 16:04:57',0),('carditem','验收项目小项','/app/carditem','funcs',0,'2016-10-31 16:11:27','2016-10-31 16:04:57',0),('carditemtype','验收类型','/app/carditemtype','funcs',0,'2016-10-31 16:11:44','2016-10-31 16:04:57',0),('cardstandard','验收小项验收标准','/app/cardstandard','funcs',0,'2016-10-31 16:11:57','2016-10-31 16:04:57',0),('cardtype','验收卡类型','/app/cardtype','funcs',0,'2016-10-31 16:12:12','2016-10-31 16:04:57',0),('countdevice','','/app/countdevice','funcs',0,'2016-11-22 16:28:29','2016-11-22 16:28:29',0),('counttask','','/app/counttask','funcs',0,'2016-11-22 16:28:29','2016-11-22 16:28:29',0),('datasource','数据源','/kconf/datasource','funcs',0,'2016-10-25 10:51:13','2016-10-25 10:30:28',30),('devicetype','设备类型','/app/devicetype','funcs',0,'2016-10-31 16:12:23','2016-10-31 16:04:57',0),('docfield','','/app/docfield','funcs',0,'2016-12-23 14:42:28','2016-12-23 14:42:28',0),('docfieldvalue','','/app/docfieldvalue','funcs',0,'2016-12-23 14:42:28','2016-12-23 14:42:28',0),('docfile','','/app/docfile','funcs',0,'2016-12-23 14:42:28','2016-12-23 14:42:28',0),('docgroupvalue','','/app/docgroupvalue','funcs',0,'2016-12-23 14:42:28','2016-12-23 14:42:28',0),('funcs','功能导航',NULL,NULL,0,'2016-10-20 19:44:43','2016-10-20 19:44:43',0),('guizhangzhidu','规章制度','/app/proprojectattachment?attachType=规章制度','funcs',0,'2017-01-04 11:03:10','2017-01-04 10:56:08',10),('iexport','导出配置','/kconf/iexport','funcs',0,'2016-10-20 19:44:43','2016-10-20 19:44:43',5),('lktype','常量配置','/kconf/lookup/types','funcs',0,'2016-10-20 19:44:43','2016-10-20 19:44:43',10),('model','模型管理','/kconf/model','funcs',0,'2016-10-20 19:44:43','2016-10-20 19:44:43',15),('pmsbdz','设备台账管理','/app/pmsbdz','funcs',0,'2016-12-27 14:27:48','2016-12-26 18:04:57',1),('pmsdevice','设备全寿命周期管理','/app/pmsdevice','funcs',0,'2016-12-27 14:27:50','2016-12-26 18:04:57',2),('pmsdict','','/app/pmsdict','funcs',0,'2016-12-26 18:04:57','2016-12-26 18:04:57',0),('pmsspacing','','/app/pmsspacing','funcs',0,'2016-12-26 18:04:57','2016-12-26 18:04:57',0),('promilestone','','/app/promilestone','funcs',0,'2016-12-14 21:40:30','2016-12-14 21:40:30',0),('proprogress','','/app/proprogress','funcs',0,'2016-12-09 17:59:43','2016-12-09 17:59:43',0),('proproject','工程项目表','/app/proproject','funcs',0,'2016-11-02 20:57:06','2016-10-31 16:04:57',-2),('proprojectattachment','工程项目附件','/app/proprojectattachment','funcs',0,'2016-10-31 16:12:52','2016-10-31 16:04:57',0),('proprojectattachmentimage','','/app/proprojectattachmentimage','funcs',0,'2016-12-22 14:19:51','2016-12-22 14:19:51',0),('proprojectscal','项目规模信息','/app/proprojectscal','funcs',0,'2016-10-31 16:13:02','2016-10-31 16:04:57',0),('reldeviceissue','','/app/reldeviceissue','funcs',0,'2016-12-26 18:04:57','2016-12-26 18:04:57',0),('reldevicetask','','/app/reldevicetask','funcs',0,'2016-12-26 18:04:58','2016-12-26 18:04:58',0),('resultissue','问题描述','/app/resultissue','funcs',0,'2016-10-31 16:13:14','2016-10-31 16:04:57',0),('resultissueimportant','重大问题','/app/resultissueimportant','funcs',0,'2016-10-31 16:13:28','2016-10-31 16:04:57',0),('resultissuelog','','/app/resultissuelog','funcs',0,'2016-12-30 18:07:22','2016-12-30 18:07:22',0),('resultitem','验收小项结果','/app/resultitem','funcs',0,'2016-10-31 16:13:37','2016-10-31 16:04:57',0),('resultitemcopy','验收小项抄录结果','/app/resultitemcopy','funcs',0,'2016-10-31 16:13:46','2016-10-31 16:04:57',0),('resultsignname','验收签名结果','/app/resultsignname','funcs',0,'2016-10-31 16:13:57','2016-10-31 16:04:57',0),('role','角色管理','/kconf/role','funcs',0,'2016-10-20 19:44:43','2016-10-20 19:44:43',20),('statistic','统计分析','/app/statistic','funcs',0,'2016-12-29 13:23:13','2016-12-29 13:17:31',0),('sysconfig','','/app/sysconfig','funcs',0,'2016-11-04 15:45:52','2016-11-04 15:45:52',0),('task','任务表','/app/task','funcs',0,'2016-10-31 16:14:04','2016-10-31 16:04:57',0),('taskcard','任务下的标准卡表','/app/taskcard','funcs',0,'2016-10-31 16:14:16','2016-10-31 16:04:57',0),('user','用户管理','/kconf/user','funcs',0,'2016-10-20 19:44:43','2016-10-20 19:44:43',25);
/*!40000 ALTER TABLE `k_menu` ENABLE KEYS */;
UNLOCK TABLES;

--
-- Table structure for table `k_model`
--

DROP TABLE IF EXISTS `k_model`;
/*!40101 SET @saved_cs_client     = @@character_set_client */;
/*!40101 SET character_set_client = utf8 */;
CREATE TABLE `k_model` (
  `mid` int(11) NOT NULL AUTO_INCREMENT COMMENT '模型ID',
  `mname` varchar(200) COLLATE utf8_bin NOT NULL COMMENT '模型名称',
  `mtable` varchar(200) COLLATE utf8_bin DEFAULT NULL COMMENT '表名称',
  `remark` text COLLATE utf8_bin COMMENT '备注',
  `enabled` int(11) DEFAULT '0' COMMENT '是否可用',
  `last_modify_time` datetime DEFAULT CURRENT_TIMESTAMP ON UPDATE CURRENT_TIMESTAMP COMMENT '最后修改时间',
  `create_time` datetime DEFAULT CURRENT_TIMESTAMP COMMENT '创建时间',
  PRIMARY KEY (`mid`)
) ENGINE=InnoDB AUTO_INCREMENT=50 DEFAULT CHARSET=utf8 COLLATE=utf8_bin;
/*!40101 SET character_set_client = @saved_cs_client */;

--
-- Dumping data for table `k_model`
--

LOCK TABLES `k_model` WRITE;
/*!40000 ALTER TABLE `k_model` DISABLE KEYS */;
INSERT INTO `k_model` VALUES (2,'部门管理','k_department',NULL,0,'2016-10-25 09:56:09','2016-10-24 20:48:56'),(7,'菜单管理','k_menu',NULL,0,'2016-10-25 09:56:13','2016-10-24 20:48:57'),(13,'用户管理','k_user',NULL,0,'2016-10-25 09:56:15','2016-10-24 20:48:58'),(16,'验收标准卡','card',NULL,0,'2016-10-31 15:37:04','2016-10-31 13:57:07'),(17,'验收小项抄录项','card_copy',NULL,0,'2016-10-31 15:37:39','2016-10-31 13:57:07'),(18,'验收项目小项','card_item',NULL,0,'2016-10-31 15:37:53','2016-10-31 13:57:07'),(19,'验收类型','card_item_type',NULL,0,'2016-10-31 15:38:02','2016-10-31 13:57:07'),(20,'验收小项验收标准','card_standard',NULL,0,'2016-10-31 15:38:12','2016-10-31 13:57:07'),(21,'验收卡类型','card_type',NULL,0,'2016-10-31 15:38:21','2016-10-31 13:57:07'),(22,'设备类型','device_type',NULL,0,'2016-10-31 15:38:30','2016-10-31 13:57:07'),(23,'工程项目表','pro_project',NULL,0,'2016-10-31 15:38:41','2016-10-31 13:57:07'),(24,'工程项目附件','pro_project_attachment',NULL,0,'2016-10-31 15:38:50','2016-10-31 13:57:07'),(25,'项目规模信息','pro_project_scal',NULL,0,'2016-10-31 15:39:01','2016-10-31 13:57:07'),(26,'问题描述','result_issue',NULL,0,'2016-10-31 15:39:13','2016-10-31 13:57:07'),(27,'重大问题','result_issue_important',NULL,0,'2016-10-31 15:39:22','2016-10-31 13:57:07'),(28,'验收小项结果','result_item',NULL,0,'2016-10-31 15:39:33','2016-10-31 13:57:07'),(29,'验收小项抄录结果','result_item_copy',NULL,0,'2016-10-31 15:39:43','2016-10-31 13:57:07'),(30,'验收签名结果','result_signname',NULL,0,'2016-10-31 15:39:52','2016-10-31 13:57:07'),(31,'任务表','task',NULL,0,'2016-10-31 15:40:05','2016-10-31 13:57:07'),(32,'任务下的标准卡表','task_card',NULL,0,'2016-10-31 15:40:14','2016-10-31 13:57:07'),(33,'','sys_config',NULL,0,'2016-11-04 15:45:52','2016-11-04 15:45:52'),(34,'','count_device',NULL,0,'2016-11-22 16:28:27','2016-11-22 16:28:27'),(35,'','count_task',NULL,0,'2016-11-22 16:28:27','2016-11-22 16:28:27'),(36,'','pro_progress',NULL,0,'2016-12-09 17:59:40','2016-12-09 17:59:40'),(37,'','pro_milestone',NULL,0,'2016-12-14 21:40:24','2016-12-14 21:40:24'),(38,'','pro_project_attachment_image',NULL,0,'2016-12-22 14:19:45','2016-12-22 14:19:45'),(39,'','doc_field',NULL,0,'2016-12-23 14:42:22','2016-12-23 14:42:22'),(40,'','doc_field_value',NULL,0,'2016-12-23 14:42:22','2016-12-23 14:42:22'),(41,'','doc_file',NULL,0,'2016-12-23 14:42:22','2016-12-23 14:42:22'),(42,'','doc_group_value',NULL,0,'2016-12-23 14:42:23','2016-12-23 14:42:23'),(43,'设备台账管理','pms_bdz',NULL,0,'2016-12-27 11:12:32','2016-12-26 18:04:43'),(44,'','pms_device',NULL,0,'2016-12-26 18:04:43','2016-12-26 18:04:43'),(45,'','pms_dict',NULL,0,'2016-12-26 18:04:43','2016-12-26 18:04:43'),(46,'','pms_spacing',NULL,0,'2016-12-26 18:04:43','2016-12-26 18:04:43'),(47,'','rel_device_issue',NULL,0,'2016-12-26 18:04:45','2016-12-26 18:04:45'),(48,'','rel_device_task',NULL,0,'2016-12-26 18:04:45','2016-12-26 18:04:45'),(49,'','result_issue_log',NULL,0,'2016-12-30 18:07:21','2016-12-30 18:07:21');
/*!40000 ALTER TABLE `k_model` ENABLE KEYS */;
UNLOCK TABLES;

--
-- Table structure for table `k_model_field`
--

DROP TABLE IF EXISTS `k_model_field`;
/*!40101 SET @saved_cs_client     = @@character_set_client */;
/*!40101 SET character_set_client = utf8 */;
CREATE TABLE `k_model_field` (
  `mfid` int(11) NOT NULL AUTO_INCREMENT COMMENT '模型字段ID',
  `mid` int(11) DEFAULT NULL COMMENT '模型ID',
  `field_name` varchar(100) COLLATE utf8_bin DEFAULT NULL COMMENT '字段名称',
  `field_alias` varchar(100) COLLATE utf8_bin DEFAULT NULL COMMENT '别名',
  `type` varchar(100) COLLATE utf8_bin DEFAULT NULL COMMENT '类型',
  `is_system` varchar(10) COLLATE utf8_bin DEFAULT NULL COMMENT '是否系统',
  `is_required` varchar(10) COLLATE utf8_bin DEFAULT NULL COMMENT '必填',
  `is_list_view` varchar(10) COLLATE utf8_bin DEFAULT NULL COMMENT '列表显示',
  `list_sort` int(11) DEFAULT NULL COMMENT '列表排序',
  `form_sort` int(11) DEFAULT NULL COMMENT '表单排序',
  `is_form_view` varchar(10) COLLATE utf8_bin DEFAULT NULL COMMENT '是否表单输入',
  `remark` text COLLATE utf8_bin COMMENT '备注',
  `settings` text COLLATE utf8_bin COMMENT '配置字段的默认值，列表显示宽度样式、时间日期格式等配置',
  `enabled` int(11) DEFAULT '0' COMMENT '是否可用',
  `last_modify_time` datetime DEFAULT CURRENT_TIMESTAMP ON UPDATE CURRENT_TIMESTAMP COMMENT '最后修改时间',
  `create_time` datetime DEFAULT CURRENT_TIMESTAMP COMMENT '创建时间',
  `data_source` varchar(300) CHARACTER SET utf8 DEFAULT NULL COMMENT '数据源',
  PRIMARY KEY (`mfid`)
) ENGINE=InnoDB AUTO_INCREMENT=785 DEFAULT CHARSET=utf8 COLLATE=utf8_bin COMMENT='模型字段（表字段）';
/*!40101 SET character_set_client = @saved_cs_client */;

--
-- Dumping data for table `k_model_field`
--

LOCK TABLES `k_model_field` WRITE;
/*!40000 ALTER TABLE `k_model_field` DISABLE KEYS */;
INSERT INTO `k_model_field` VALUES (232,16,'id','ID','VARCHAR','1','0','0',0,0,'0',NULL,'{\"formview\":{},\"listview\":{},\"dataconfig\":{}}',0,'2016-11-02 20:58:21','2016-11-02 20:35:31',NULL),(233,16,'name','验收标准卡名称','VARCHAR','1','0','1',5,5,'1',NULL,'{\"formview\":{},\"listview\":{},\"dataconfig\":{}}',0,'2016-11-03 19:30:12','2016-11-02 20:35:31',NULL),(234,16,'flow','验收流程key，数据来源config表','VARCHAR','1','0','0',10,10,'0',NULL,'{\"formview\":{},\"listview\":{},\"dataconfig\":{}}',0,'2016-11-02 21:03:44','2016-11-02 20:35:31',NULL),(235,16,'type','验收卡类型','VARCHAR','1','0','1',15,15,'1',NULL,'{\"formview\":{\"length_validate\":\"\",\"validate_type\":\"\",\"view_type\":\"selectpicker\",\"lookup_url\":\"\",\"chk_style\":\"radio\",\"select_search\":\"false\",\"select_multi\":\"false\",\"is_form_readonly\":\"0\"},\"listview\":{\"list_width\":\"\",\"list_sql\":\"select name from card_type where `key` = ?\",\"is_list_sort\":\"1\",\"list_align\":\"left\",\"list_search_op\":\"\",\"list_style\":\"\"},\"dataconfig\":{}}',0,'2016-11-03 19:31:40','2016-11-02 20:35:31','/app/cardtype/json'),(236,16,'dtid','设备类型','VARCHAR','1','0','1',20,20,'1',NULL,'{\"formview\":{\"length_validate\":\"\",\"validate_type\":\"\",\"view_type\":\"selectpicker\",\"lookup_url\":\"\",\"chk_style\":\"radio\",\"select_search\":\"false\",\"select_multi\":\"false\",\"is_form_readonly\":\"0\"},\"listview\":{\"list_width\":\"\",\"list_sql\":\"select name from device_type where id = ?\",\"is_list_sort\":\"1\",\"list_align\":\"left\",\"list_search_op\":\"\",\"list_style\":\"\"},\"dataconfig\":{}}',0,'2016-11-03 19:32:05','2016-11-02 20:35:31','/app/devicetype/json'),(237,16,'showgcmc','工程名称','INT','1','0','0',25,25,'1',NULL,'{\"formview\":{},\"listview\":{},\"dataconfig\":{}}',0,'2016-11-03 19:10:28','2016-11-02 20:35:31',NULL),(238,16,'showsjdw','设计单位','INT','1','0','0',30,30,'1',NULL,'{\"formview\":{},\"listview\":{},\"dataconfig\":{}}',0,'2016-11-03 19:10:38','2016-11-02 20:35:31',NULL),(239,16,'showysdw','验收单位','INT','1','0','0',35,35,'1',NULL,'{\"formview\":{},\"listview\":{},\"dataconfig\":{}}',0,'2016-11-03 19:10:48','2016-11-02 20:35:31',NULL),(240,16,'showysrq','验收日期','INT','1','0','0',40,40,'1',NULL,'{\"formview\":{},\"listview\":{},\"dataconfig\":{}}',0,'2016-11-03 19:10:59','2016-11-02 20:35:31',NULL),(241,16,'showsccj','生产厂家','INT','1','0','0',45,45,'1',NULL,'{\"formview\":{},\"listview\":{},\"dataconfig\":{}}',0,'2016-11-03 19:11:09','2016-11-02 20:35:31',NULL),(242,16,'showsbxh','设备型号','INT','1','0','0',50,50,'1',NULL,'{\"formview\":{},\"listview\":{},\"dataconfig\":{}}',0,'2016-11-03 19:11:20','2016-11-02 20:35:31',NULL),(243,16,'showscgh','生产工号','INT','1','0','0',55,55,'1',NULL,'{\"formview\":{},\"listview\":{},\"dataconfig\":{}}',0,'2016-11-03 19:11:31','2016-11-02 20:35:31',NULL),(244,16,'showccbh','出厂编号','INT','1','0','0',60,60,'1',NULL,'{\"formview\":{},\"listview\":{},\"dataconfig\":{}}',0,'2016-11-03 19:11:41','2016-11-02 20:35:31',NULL),(245,16,'showbdsmc','变电所名称','INT','1','0','0',65,65,'1',NULL,'{\"formview\":{},\"listview\":{},\"dataconfig\":{}}',0,'2016-11-03 19:11:54','2016-11-02 20:35:31',NULL),(246,16,'showsbmcbh','设备名称编号','INT','1','0','0',70,70,'1',NULL,'{\"formview\":{},\"listview\":{},\"dataconfig\":{}}',0,'2016-11-03 19:12:06','2016-11-02 20:35:31',NULL),(247,16,'remark','备注','TEXT','1','0','0',75,75,'0',NULL,'{\"formview\":{},\"listview\":{},\"dataconfig\":{}}',0,'2016-11-02 21:00:48','2016-11-02 20:35:31',NULL),(248,16,'enabled','是否删除：1删除、0不删除','INT','1','0','0',80,80,'0',NULL,NULL,0,'2016-11-02 20:35:31','2016-11-02 20:35:31',NULL),(249,16,'createtime','创建时间','TIMESTAMP','1','0','0',85,85,'0',NULL,'{\"formview\":{},\"listview\":{},\"dataconfig\":{}}',0,'2016-11-02 21:01:12','2016-11-02 20:35:31',NULL),(250,16,'last_modify_time','更新时间','TIMESTAMP','1','0','0',90,90,'0',NULL,NULL,0,'2016-11-02 20:35:31','2016-11-02 20:35:31',NULL),(251,17,'id','ID','VARCHAR','1','0','0',0,0,'0',NULL,'{\"formview\":{},\"listview\":{},\"dataconfig\":{}}',0,'2016-11-04 12:55:04','2016-11-02 20:35:31',NULL),(252,17,'name','抄录名称','VARCHAR','1','0','1',5,5,'1',NULL,NULL,0,'2016-11-02 20:35:31','2016-11-02 20:35:31',NULL),(253,17,'unit','抄录单位','VARCHAR','1','0','1',10,10,'1',NULL,NULL,0,'2016-11-02 20:35:31','2016-11-02 20:35:31',NULL),(254,17,'cid','验收标准卡名称','VARCHAR','1','0','1',15,15,'0',NULL,'{\"formview\":{\"length_validate\":\"\",\"validate_type\":\"\",\"view_type\":\"text\",\"lookup_url\":\"\",\"chk_style\":\"radio\",\"select_search\":\"false\",\"select_multi\":\"false\",\"is_form_readonly\":\"0\"},\"listview\":{\"list_width\":\"\",\"list_sql\":\"select name from card where id = ?\",\"is_list_sort\":\"1\",\"list_align\":\"left\",\"list_search_op\":\"\",\"list_style\":\"\"},\"dataconfig\":{}}',0,'2016-11-04 12:59:02','2016-11-02 20:35:31',NULL),(255,17,'ciid','验收小项名称','VARCHAR','1','0','1',20,20,'0',NULL,'{\"formview\":{\"length_validate\":\"\",\"validate_type\":\"\",\"view_type\":\"text\",\"lookup_url\":\"\",\"chk_style\":\"radio\",\"select_search\":\"false\",\"select_multi\":\"false\",\"is_form_readonly\":\"0\"},\"listview\":{\"list_width\":\"\",\"list_sql\":\"select name from card_item where id = ?\",\"is_list_sort\":\"1\",\"list_align\":\"left\",\"list_search_op\":\"\",\"list_style\":\"\"},\"dataconfig\":{}}',0,'2016-11-04 12:59:16','2016-11-02 20:35:31',NULL),(256,17,'sort','顺序','INT','1','0','0',25,25,'0',NULL,'{\"formview\":{},\"listview\":{},\"dataconfig\":{}}',0,'2016-11-04 12:55:26','2016-11-02 20:35:31',NULL),(257,17,'remark','备注','TEXT','1','0','0',30,30,'0',NULL,'{\"formview\":{},\"listview\":{},\"dataconfig\":{}}',0,'2016-11-04 12:55:34','2016-11-02 20:35:31',NULL),(258,17,'enabled','是否删除：1删除、0不删除','INT','1','0','0',35,35,'0',NULL,NULL,0,'2016-11-02 20:35:31','2016-11-02 20:35:31',NULL),(259,17,'createtime','创建时间','TIMESTAMP','1','0','0',40,40,'0',NULL,'{\"formview\":{},\"listview\":{},\"dataconfig\":{}}',0,'2016-11-04 12:55:40','2016-11-02 20:35:31',NULL),(260,17,'last_modify_time','更新时间','TIMESTAMP','1','0','0',45,45,'0',NULL,NULL,0,'2016-11-02 20:35:31','2016-11-02 20:35:31',NULL),(261,18,'id','ID','VARCHAR','1','0','0',0,0,'0',NULL,'{\"formview\":{},\"listview\":{},\"dataconfig\":{}}',0,'2016-11-04 10:28:06','2016-11-02 20:35:31',NULL),(262,18,'name','验收小项名称','VARCHAR','1','0','1',5,5,'1',NULL,'{\"formview\":{},\"listview\":{},\"dataconfig\":{}}',0,'2016-11-04 10:32:34','2016-11-02 20:35:31',NULL),(263,18,'checktype','检查方式','VARCHAR','1','0','1',10,10,'1',NULL,'{\"formview\":{\"length_validate\":\"\",\"validate_type\":\"\",\"view_type\":\"selectpicker\",\"lookup_url\":\"\",\"chk_style\":\"radio\",\"select_search\":\"false\",\"select_multi\":\"false\",\"is_form_readonly\":\"0\"},\"listview\":{\"list_width\":\"\",\"list_sql\":\"\",\"is_list_sort\":\"1\",\"list_align\":\"left\",\"list_search_op\":\"\",\"list_style\":\"\"},\"dataconfig\":{}}',0,'2016-11-04 10:35:30','2016-11-02 20:35:31','/kconf/lookup/json?typeid=checktype'),(264,18,'cid','标准卡名称','VARCHAR','1','0','1',15,15,'0',NULL,'{\"formview\":{\"length_validate\":\"\",\"validate_type\":\"\",\"view_type\":\"text\",\"lookup_url\":\"\",\"chk_style\":\"radio\",\"select_search\":\"false\",\"select_multi\":\"false\",\"is_form_readonly\":\"0\"},\"listview\":{\"list_width\":\"\",\"list_sql\":\"select name from card where id = ?\",\"is_list_sort\":\"1\",\"list_align\":\"left\",\"list_search_op\":\"\",\"list_style\":\"\"},\"dataconfig\":{}}',0,'2016-11-04 10:31:32','2016-11-02 20:35:31',NULL),(265,18,'citid','验收大项名称','VARCHAR','1','0','1',20,20,'0',NULL,'{\"formview\":{\"length_validate\":\"\",\"validate_type\":\"\",\"view_type\":\"text\",\"lookup_url\":\"\",\"chk_style\":\"radio\",\"select_search\":\"false\",\"select_multi\":\"false\",\"is_form_readonly\":\"0\"},\"listview\":{\"list_width\":\"\",\"list_sql\":\"select name from card_item_type where id = ?\",\"is_list_sort\":\"1\",\"list_align\":\"left\",\"list_search_op\":\"\",\"list_style\":\"\"},\"dataconfig\":{}}',0,'2016-11-04 10:31:56','2016-11-02 20:35:31',NULL),(266,18,'sort','排序','INT','1','0','0',25,25,'0',NULL,'{\"formview\":{},\"listview\":{},\"dataconfig\":{}}',0,'2016-11-04 10:30:01','2016-11-02 20:35:31',NULL),(267,18,'remark','备注','TEXT','1','0','0',30,30,'0',NULL,'{\"formview\":{},\"listview\":{},\"dataconfig\":{}}',0,'2016-11-04 10:30:07','2016-11-02 20:35:31',NULL),(268,18,'enabled','是否删除：1删除、0不删除','INT','1','0','0',35,35,'0',NULL,NULL,0,'2016-11-02 20:35:31','2016-11-02 20:35:31',NULL),(269,18,'createtime','创建时间','TIMESTAMP','1','0','0',40,40,'0',NULL,'{\"formview\":{},\"listview\":{},\"dataconfig\":{}}',0,'2016-11-04 10:30:13','2016-11-02 20:35:31',NULL),(270,18,'last_modify_time','更新时间','TIMESTAMP','1','0','0',45,45,'0',NULL,NULL,0,'2016-11-02 20:35:31','2016-11-02 20:35:31',NULL),(271,19,'id','ID','VARCHAR','1','0','0',0,0,'0',NULL,'{\"formview\":{},\"listview\":{},\"dataconfig\":{}}',0,'2016-11-03 21:18:05','2016-11-02 20:35:31',NULL),(272,19,'name','验收卡类型名称','VARCHAR','1','0','1',5,5,'1',NULL,'{\"formview\":{},\"listview\":{},\"dataconfig\":{}}',0,'2016-11-03 21:22:18','2016-11-02 20:35:31',NULL),(273,19,'cid','验收标准卡名称','VARCHAR','1','0','1',10,10,'0',NULL,'{\"formview\":{\"length_validate\":\"\",\"validate_type\":\"\",\"view_type\":\"text\",\"lookup_url\":\"\",\"chk_style\":\"radio\",\"select_search\":\"false\",\"select_multi\":\"false\",\"is_form_readonly\":\"0\"},\"listview\":{\"list_width\":\"\",\"list_sql\":\"select name from card where id = ?\",\"is_list_sort\":\"1\",\"list_align\":\"left\",\"list_search_op\":\"\",\"list_style\":\"\"},\"dataconfig\":{}}',0,'2016-11-03 22:26:13','2016-11-02 20:35:31',NULL),(274,19,'sort','排序','INT','1','0','0',15,15,'0',NULL,'{\"formview\":{},\"listview\":{},\"dataconfig\":{}}',0,'2016-11-03 21:19:20','2016-11-02 20:35:31',NULL),(275,19,'remark','备注','TEXT','1','0','0',20,20,'0',NULL,'{\"formview\":{},\"listview\":{},\"dataconfig\":{}}',0,'2016-11-03 21:19:26','2016-11-02 20:35:31',NULL),(276,19,'enabled','是否删除：1删除、0不删除','INT','1','0','0',25,25,'0',NULL,NULL,0,'2016-11-02 20:35:31','2016-11-02 20:35:31',NULL),(277,19,'createtime','创建时间','TIMESTAMP','1','0','0',30,30,'0',NULL,'{\"formview\":{},\"listview\":{},\"dataconfig\":{}}',0,'2016-11-03 21:19:35','2016-11-02 20:35:31',NULL),(278,19,'last_modify_time','更新时间','TIMESTAMP','1','0','0',35,35,'0',NULL,NULL,0,'2016-11-02 20:35:31','2016-11-02 20:35:31',NULL),(279,20,'id','ID','VARCHAR','1','0','0',0,0,'0',NULL,'{\"formview\":{},\"listview\":{},\"dataconfig\":{}}',0,'2016-11-04 12:47:34','2016-11-02 20:35:31',NULL),(280,20,'description','验收标准内容','TEXT','1','0','1',5,5,'1',NULL,'{\"formview\":{\"length_validate\":\"\",\"validate_type\":\"\",\"view_type\":\"text\",\"lookup_url\":\"\",\"chk_style\":\"radio\",\"select_search\":\"false\",\"select_multi\":\"false\",\"is_form_readonly\":\"0\"},\"listview\":{\"list_width\":\"\",\"list_sql\":\"\",\"is_list_sort\":\"1\",\"list_align\":\"left\",\"list_search_op\":\"\",\"list_style\":\"\"},\"dataconfig\":{}}',0,'2016-11-04 12:45:27','2016-11-02 20:35:31',NULL),(281,20,'cid','验收标准卡名称','VARCHAR','1','0','1',10,10,'0',NULL,'{\"formview\":{\"length_validate\":\"\",\"validate_type\":\"\",\"view_type\":\"text\",\"lookup_url\":\"\",\"chk_style\":\"radio\",\"select_search\":\"false\",\"select_multi\":\"false\",\"is_form_readonly\":\"0\"},\"listview\":{\"list_width\":\"220\",\"list_sql\":\"select name from card where id = ?\",\"is_list_sort\":\"1\",\"list_align\":\"left\",\"list_search_op\":\"\",\"list_style\":\"\"},\"dataconfig\":{}}',0,'2016-11-04 12:46:26','2016-11-02 20:35:31',NULL),(282,20,'ciid','验收小项名称','VARCHAR','1','0','1',15,15,'0',NULL,'{\"formview\":{\"length_validate\":\"\",\"validate_type\":\"\",\"view_type\":\"text\",\"lookup_url\":\"\",\"chk_style\":\"radio\",\"select_search\":\"false\",\"select_multi\":\"false\",\"is_form_readonly\":\"0\"},\"listview\":{\"list_width\":\"150\",\"list_sql\":\"select name from card_item where id = ?\",\"is_list_sort\":\"1\",\"list_align\":\"left\",\"list_search_op\":\"\",\"list_style\":\"\"},\"dataconfig\":{}}',0,'2016-11-04 12:47:07','2016-11-02 20:35:31',NULL),(283,20,'sort','排序','INT','1','0','0',20,20,'0',NULL,'{\"formview\":{},\"listview\":{},\"dataconfig\":{}}',0,'2016-11-04 12:37:29','2016-11-02 20:35:31',NULL),(284,20,'remark','备注','TEXT','1','0','0',25,25,'0',NULL,'{\"formview\":{},\"listview\":{},\"dataconfig\":{}}',0,'2016-11-04 12:37:35','2016-11-02 20:35:31',NULL),(285,20,'enabled','是否删除：1删除、0不删除','INT','1','0','0',30,30,'0',NULL,NULL,0,'2016-11-02 20:35:31','2016-11-02 20:35:31',NULL),(286,20,'createtime','创建时间','TIMESTAMP','1','0','0',35,35,'0',NULL,'{\"formview\":{},\"listview\":{},\"dataconfig\":{}}',0,'2016-11-04 12:37:42','2016-11-02 20:35:31',NULL),(287,20,'last_modify_time','更新时间','TIMESTAMP','1','0','0',40,40,'0',NULL,NULL,0,'2016-11-02 20:35:31','2016-11-02 20:35:31',NULL),(288,21,'id','ID','VARCHAR','1','0','0',0,0,'0',NULL,'{\"formview\":{},\"listview\":{},\"dataconfig\":{}}',0,'2016-11-11 17:27:51','2016-11-02 20:35:31',NULL),(289,21,'key','类型KEY','VARCHAR','1','0','0',5,5,'0',NULL,'{\"formview\":{},\"listview\":{},\"dataconfig\":{}}',0,'2016-11-11 17:27:56','2016-11-02 20:35:31',NULL),(290,21,'name','类型值','VARCHAR','1','0','1',10,10,'1',NULL,'{\"formview\":{},\"listview\":{},\"dataconfig\":{}}',0,'2016-11-03 09:57:58','2016-11-02 20:35:31',NULL),(291,21,'flow','验收流程KEY','VARCHAR','1','0','0',15,15,'0',NULL,'{\"formview\":{},\"listview\":{},\"dataconfig\":{}}',0,'2016-11-11 17:28:03','2016-11-02 20:35:31',NULL),(292,21,'remark','备注','TEXT','1','0','0',20,20,'0',NULL,'{\"formview\":{},\"listview\":{},\"dataconfig\":{}}',0,'2016-11-03 09:56:50','2016-11-02 20:35:31',NULL),(293,21,'sort','排序','INT','1','0','0',25,25,'0',NULL,'{\"formview\":{},\"listview\":{},\"dataconfig\":{}}',0,'2016-11-03 09:56:57','2016-11-02 20:35:31',NULL),(294,21,'enabled','是否删除：1删除、0不删除','INT','1','0','0',30,30,'0',NULL,'{\"formview\":{},\"listview\":{},\"dataconfig\":{}}',0,'2016-11-03 09:58:49','2016-11-02 20:35:31',NULL),(295,21,'createtime','创建时间','TIMESTAMP','1','0','0',35,35,'0',NULL,'{\"formview\":{},\"listview\":{},\"dataconfig\":{}}',0,'2016-11-03 09:57:05','2016-11-02 20:35:31',NULL),(296,21,'last_modify_time','更新时间','TIMESTAMP','1','0','0',40,40,'0',NULL,NULL,0,'2016-11-02 20:35:31','2016-11-02 20:35:31',NULL),(297,22,'id','ID','VARCHAR','1','0','0',0,0,'0',NULL,'{\"formview\":{},\"listview\":{},\"dataconfig\":{}}',0,'2016-11-02 21:25:05','2016-11-02 20:35:31',NULL),(298,22,'name','名称','VARCHAR','1','0','1',5,5,'1',NULL,NULL,0,'2016-11-02 20:35:31','2016-11-02 20:35:31',NULL),(299,22,'remark','备注','TEXT','1','0','0',10,10,'0',NULL,'{\"formview\":{},\"listview\":{},\"dataconfig\":{}}',0,'2016-11-02 21:15:33','2016-11-02 20:35:31',NULL),(300,22,'enabled','是否删除：1删除、0不删除','INT','1','0','0',15,15,'0',NULL,NULL,0,'2016-11-02 20:35:31','2016-11-02 20:35:31',NULL),(301,22,'createtime','创建时间','TIMESTAMP','1','0','0',20,20,'0',NULL,'{\"formview\":{},\"listview\":{},\"dataconfig\":{}}',0,'2016-11-02 21:15:40','2016-11-02 20:35:31',NULL),(302,22,'last_modify_time','更新时间','TIMESTAMP','1','0','0',25,25,'0',NULL,NULL,0,'2016-11-02 20:35:31','2016-11-02 20:35:31',NULL),(303,23,'id','ID','VARCHAR','1','0','0',0,0,'0',NULL,'{\"formview\":{},\"listview\":{},\"dataconfig\":{}}',0,'2016-11-04 13:57:39','2016-11-02 20:35:31',NULL),(304,23,'name','项目名称','VARCHAR','1','0','1',5,5,'1',NULL,'{\"formview\":{\"length_validate\":\"\",\"validate_type\":\"\",\"view_type\":\"text\",\"lookup_url\":\"\",\"chk_style\":\"radio\",\"select_search\":\"false\",\"select_multi\":\"false\",\"is_form_readonly\":\"0\"},\"listview\":{\"list_width\":\"80\",\"list_sql\":\"\",\"is_list_sort\":\"1\",\"list_align\":\"left\",\"list_search_op\":\"like\",\"list_style\":\"\"},\"dataconfig\":{}}',0,'2016-12-22 15:22:11','2016-11-02 20:35:31',NULL),(305,23,'type','项目类型','VARCHAR','1','0','0',10,10,'1',NULL,'{\"formview\":{\"length_validate\":\"\",\"validate_type\":\"\",\"view_type\":\"selectpicker\",\"lookup_url\":\"\",\"chk_style\":\"radio\",\"select_search\":\"false\",\"select_multi\":\"false\",\"is_form_readonly\":\"0\"},\"listview\":{\"list_width\":\"\",\"list_sql\":\"\",\"is_list_sort\":\"1\",\"list_align\":\"left\",\"list_search_op\":\"\",\"list_style\":\"\"},\"dataconfig\":{}}',0,'2016-11-04 13:59:33','2016-11-02 20:35:31','/kconf/lookup/json?typeid=project_type'),(306,23,'fr','项目法人','VARCHAR','1','0','1',15,15,'1',NULL,'{\"formview\":{\"length_validate\":\"\",\"validate_type\":\"\",\"view_type\":\"text\",\"lookup_url\":\"\",\"chk_style\":\"radio\",\"select_search\":\"false\",\"select_multi\":\"false\",\"is_form_readonly\":\"0\"},\"listview\":{\"list_width\":\"50\",\"list_sql\":\"\",\"is_list_sort\":\"1\",\"list_align\":\"left\",\"list_search_op\":\"\",\"list_style\":\"\"},\"dataconfig\":{}}',0,'2016-11-24 17:52:11','2016-11-02 20:35:31',NULL),(307,23,'gldw','建设管理单位','VARCHAR','1','0','0',20,20,'1',NULL,'{\"formview\":{},\"listview\":{},\"dataconfig\":{}}',0,'2016-11-24 17:51:09','2016-11-02 20:35:31',NULL),(308,23,'sjdw','设计单位','VARCHAR','1','0','0',25,25,'1',NULL,'{\"formview\":{},\"listview\":{},\"dataconfig\":{}}',0,'2016-11-17 17:41:14','2016-11-02 20:35:31',NULL),(309,23,'jldw','监理单位','VARCHAR','1','0','0',30,30,'1',NULL,'{\"formview\":{\"length_validate\":\"\",\"validate_type\":\"\",\"view_type\":\"text\",\"lookup_url\":\"\",\"chk_style\":\"radio\",\"select_search\":\"false\",\"select_multi\":\"false\",\"is_form_readonly\":\"0\"},\"listview\":{\"list_width\":\"100\",\"list_sql\":\"\",\"is_list_sort\":\"1\",\"list_align\":\"left\",\"list_search_op\":\"\",\"list_style\":\"\"},\"dataconfig\":{}}',0,'2016-11-22 10:40:37','2016-11-02 20:35:31',NULL),(310,23,'sgdw','施工单位','VARCHAR','1','0','0',35,35,'1',NULL,'{\"formview\":{},\"listview\":{},\"dataconfig\":{}}',0,'2016-11-17 17:41:24','2016-11-02 20:35:31',NULL),(311,23,'yxdw','运行单位','VARCHAR','1','0','1',40,40,'1',NULL,'{\"formview\":{\"length_validate\":\"\",\"validate_type\":\"\",\"view_type\":\"text\",\"lookup_url\":\"\",\"chk_style\":\"radio\",\"select_search\":\"false\",\"select_multi\":\"false\",\"is_form_readonly\":\"0\"},\"listview\":{\"list_width\":\"50\",\"list_sql\":\"\",\"is_list_sort\":\"1\",\"list_align\":\"left\",\"list_search_op\":\"\",\"list_style\":\"\"},\"dataconfig\":{}}',0,'2016-11-24 17:52:25','2016-11-02 20:35:31',NULL),(312,23,'remark','备注','TEXT','1','0','0',45,45,'0',NULL,'{\"formview\":{},\"listview\":{},\"dataconfig\":{}}',0,'2016-11-04 13:58:50','2016-11-02 20:35:31',NULL),(313,23,'enabled','是否删除：1删除、0不删除','INT','1','0','0',50,50,'0',NULL,NULL,0,'2016-11-02 20:35:31','2016-11-02 20:35:31',NULL),(314,23,'createtime','创建时间','TIMESTAMP','1','0','0',55,55,'0',NULL,'{\"formview\":{},\"listview\":{},\"dataconfig\":{}}',0,'2016-11-04 13:58:57','2016-11-02 20:35:31',NULL),(315,23,'last_modify_time','更新时间','TIMESTAMP','1','0','0',60,60,'0',NULL,NULL,0,'2016-11-02 20:35:31','2016-11-02 20:35:31',NULL),(316,24,'id','ID','VARCHAR','1','0','0',0,0,'0',NULL,'{\"formview\":{},\"listview\":{},\"dataconfig\":{}}',0,'2016-11-11 11:51:39','2016-11-02 20:35:31',NULL),(317,24,'pid','工程项目ID','VARCHAR','1','0','0',5,5,'0',NULL,'{\"formview\":{},\"listview\":{},\"dataconfig\":{}}',0,'2016-11-11 11:51:52','2016-11-02 20:35:31',NULL),(318,24,'name','名称','VARCHAR','1','0','1',10,10,'1',NULL,NULL,0,'2016-11-02 20:35:31','2016-11-02 20:35:31',NULL),(319,24,'type','类型','VARCHAR','1','0','0',15,15,'1',NULL,'{\"formview\":{\"length_validate\":\"\",\"validate_type\":\"\",\"view_type\":\"selectpicker\",\"lookup_url\":\"\",\"chk_style\":\"radio\",\"select_search\":\"false\",\"select_multi\":\"false\",\"is_form_readonly\":\"0\"},\"listview\":{\"list_width\":\"\",\"list_sql\":\"\",\"is_list_sort\":\"1\",\"list_align\":\"left\",\"list_search_op\":\"\",\"list_style\":\"\"},\"dataconfig\":{}}',0,'2016-12-23 11:09:27','2016-11-02 20:35:31','/kconf/lookup/json?typeid=attachmentType'),(320,24,'url','存储的路径','VARCHAR','1','0','0',20,20,'0',NULL,'{\"formview\":{},\"listview\":{},\"dataconfig\":{}}',0,'2016-11-11 11:52:12','2016-11-02 20:35:31',NULL),(321,24,'remark','备注','TEXT','1','0','0',25,25,'0',NULL,'{\"formview\":{},\"listview\":{},\"dataconfig\":{}}',0,'2016-11-11 11:52:20','2016-11-02 20:35:31',NULL),(322,24,'sort','排序','INT','1','0','0',30,30,'0',NULL,'{\"formview\":{},\"listview\":{},\"dataconfig\":{}}',0,'2016-11-11 11:52:32','2016-11-02 20:35:31',NULL),(323,24,'enabled','是否删除：1删除、0不删除','INT','1','0','0',35,35,'0',NULL,NULL,0,'2016-11-02 20:35:31','2016-11-02 20:35:31',NULL),(324,24,'createtime','创建时间','TIMESTAMP','1','0','0',40,40,'0',NULL,'{\"formview\":{},\"listview\":{},\"dataconfig\":{}}',0,'2016-11-11 11:52:40','2016-11-02 20:35:31',NULL),(325,24,'last_modify_time','更新时间','TIMESTAMP','1','0','0',45,45,'0',NULL,NULL,0,'2016-11-02 20:35:31','2016-11-02 20:35:31',NULL),(326,25,'id','ID','VARCHAR','1','0','1',0,0,'1',NULL,NULL,0,'2016-11-02 20:35:31','2016-11-02 20:35:31',NULL),(327,25,'pid','工程项目ID','VARCHAR','1','0','1',5,5,'1',NULL,NULL,0,'2016-11-02 20:35:31','2016-11-02 20:35:31',NULL),(328,25,'key','固定项在config表中的key，非固定项为空','VARCHAR','1','0','1',10,10,'1',NULL,NULL,0,'2016-11-02 20:35:31','2016-11-02 20:35:31',NULL),(329,25,'name','名称','VARCHAR','1','0','1',15,15,'1',NULL,NULL,0,'2016-11-02 20:35:31','2016-11-02 20:35:31',NULL),(330,25,'finalscal','最终规模','VARCHAR','1','0','1',20,20,'1',NULL,NULL,0,'2016-11-02 20:35:31','2016-11-02 20:35:31',NULL),(331,25,'initscal','初始规模','VARCHAR','1','0','1',25,25,'1',NULL,NULL,0,'2016-11-02 20:35:31','2016-11-02 20:35:31',NULL),(332,25,'remark','备注','TEXT','1','0','1',30,30,'1',NULL,NULL,0,'2016-11-02 20:35:31','2016-11-02 20:35:31',NULL),(333,25,'sort','排序','INT','1','0','1',35,35,'1',NULL,NULL,0,'2016-11-02 20:35:31','2016-11-02 20:35:31',NULL),(334,25,'enabled','是否删除：1删除、0不删除','INT','1','0','0',40,40,'0',NULL,NULL,0,'2016-11-02 20:35:31','2016-11-02 20:35:31',NULL),(335,25,'createtime','创建时间','TIMESTAMP','1','0','1',45,45,'1',NULL,NULL,0,'2016-11-02 20:35:31','2016-11-02 20:35:31',NULL),(336,25,'last_modify_time','更新时间','TIMESTAMP','1','0','0',50,50,'0',NULL,NULL,0,'2016-11-02 20:35:31','2016-11-02 20:35:31',NULL),(337,26,'id','ID','VARCHAR','1','0','1',0,0,'1',NULL,NULL,0,'2016-11-02 20:35:31','2016-11-02 20:35:31',NULL),(338,26,'description','问题描述','VARCHAR','1','0','1',5,5,'1',NULL,NULL,0,'2016-11-02 20:35:31','2016-11-02 20:35:31',NULL),(339,26,'suggest','整改建议','VARCHAR','1','0','1',10,10,'1',NULL,NULL,0,'2016-11-02 20:35:31','2016-11-02 20:35:31',NULL),(340,26,'imgs','图片名称，多个用逗号分隔','VARCHAR','1','0','1',15,15,'1',NULL,NULL,0,'2016-11-02 20:35:31','2016-11-02 20:35:31',NULL),(341,26,'csid','验收标准id','VARCHAR','1','0','1',20,20,'1',NULL,NULL,0,'2016-11-02 20:35:31','2016-11-02 20:35:31',NULL),(342,26,'csname','验收标准名称','VARCHAR','1','0','1',25,25,'1',NULL,NULL,0,'2016-11-02 20:35:31','2016-11-02 20:35:31',NULL),(343,26,'status','任务状态：normal、cleared','VARCHAR','1','0','1',30,30,'1',NULL,NULL,0,'2016-11-02 20:35:31','2016-11-02 20:35:31',NULL),(344,26,'cleartime','清除时间','TIMESTAMP','1','0','1',35,35,'1',NULL,NULL,0,'2016-11-02 20:35:31','2016-11-02 20:35:31',NULL),(345,26,'clearremark','清除说明','TEXT','1','0','1',40,40,'1',NULL,NULL,0,'2016-11-02 20:35:31','2016-11-02 20:35:31',NULL),(346,26,'tid','任务ID','VARCHAR','1','0','1',45,45,'1',NULL,NULL,0,'2016-11-02 20:35:31','2016-11-02 20:35:31',NULL),(347,26,'tcid','标准卡ID','VARCHAR','1','0','1',50,50,'1',NULL,NULL,0,'2016-11-02 20:35:31','2016-11-02 20:35:31',NULL),(348,26,'ciid','验收小项ID','VARCHAR','1','0','1',55,55,'1',NULL,NULL,0,'2016-11-02 20:35:31','2016-11-02 20:35:31',NULL),(349,26,'ciname','验收小项名称','VARCHAR','1','0','1',60,60,'1',NULL,NULL,0,'2016-11-02 20:35:31','2016-11-02 20:35:31',NULL),(350,26,'remark','备注','TEXT','1','0','1',65,65,'1',NULL,NULL,0,'2016-11-02 20:35:31','2016-11-02 20:35:31',NULL),(351,26,'enabled','是否删除：1删除、0不删除','INT','1','0','0',70,70,'0',NULL,NULL,0,'2016-11-02 20:35:31','2016-11-02 20:35:31',NULL),(352,26,'createtime','创建时间','TIMESTAMP','1','0','1',75,75,'1',NULL,NULL,0,'2016-11-02 20:35:31','2016-11-02 20:35:31',NULL),(353,26,'last_modify_time','更新时间','TIMESTAMP','1','0','0',80,80,'0',NULL,NULL,0,'2016-11-02 20:35:31','2016-11-02 20:35:31',NULL),(354,27,'id','ID','VARCHAR','1','0','1',0,0,'1',NULL,NULL,0,'2016-11-02 20:35:31','2016-11-02 20:35:31',NULL),(355,27,'no','编号','VARCHAR','1','0','1',5,5,'1',NULL,NULL,0,'2016-11-02 20:35:31','2016-11-02 20:35:31',NULL),(356,27,'senddepart','发出单位','VARCHAR','1','0','1',10,10,'1',NULL,NULL,0,'2016-11-02 20:35:31','2016-11-02 20:35:31',NULL),(357,27,'sendcontact','发出单位联系人','VARCHAR','1','0','1',15,15,'1',NULL,NULL,0,'2016-11-02 20:35:31','2016-11-02 20:35:31',NULL),(358,27,'checkdepart','验收单位','VARCHAR','1','0','1',20,20,'1',NULL,NULL,0,'2016-11-02 20:35:31','2016-11-02 20:35:31',NULL),(359,27,'checkcontact','验收人','VARCHAR','1','0','1',25,25,'1',NULL,NULL,0,'2016-11-02 20:35:31','2016-11-02 20:35:31',NULL),(360,27,'receivedepart','接受单位','VARCHAR','1','0','1',30,30,'1',NULL,NULL,0,'2016-11-02 20:35:31','2016-11-02 20:35:31',NULL),(361,27,'receivecontact','接收单位联系人','VARCHAR','1','0','1',35,35,'1',NULL,NULL,0,'2016-11-02 20:35:31','2016-11-02 20:35:31',NULL),(362,27,'project','项目名称','VARCHAR','1','0','1',40,40,'1',NULL,NULL,0,'2016-11-02 20:35:31','2016-11-02 20:35:31',NULL),(363,27,'devicetype','设备类别','VARCHAR','1','0','1',45,45,'1',NULL,NULL,0,'2016-11-02 20:35:31','2016-11-02 20:35:31',NULL),(364,27,'installplace','安装位置/运行编号（生产工号）','VARCHAR','1','0','1',50,50,'1',NULL,NULL,0,'2016-11-02 20:35:31','2016-11-02 20:35:31',NULL),(365,27,'factory','厂家及型号','VARCHAR','1','0','1',55,55,'1',NULL,NULL,0,'2016-11-02 20:35:31','2016-11-02 20:35:31',NULL),(366,27,'name','问题名称','VARCHAR','1','0','1',60,60,'1',NULL,NULL,0,'2016-11-02 20:35:31','2016-11-02 20:35:31',NULL),(367,27,'description','问题描述','VARCHAR','1','0','1',65,65,'1',NULL,NULL,0,'2016-11-02 20:35:31','2016-11-02 20:35:31',NULL),(368,27,'suggest','整改建议','VARCHAR','1','0','1',70,70,'1',NULL,NULL,0,'2016-11-02 20:35:31','2016-11-02 20:35:31',NULL),(369,27,'imgs','图片名称，多个用逗号分隔','VARCHAR','1','0','1',75,75,'1',NULL,NULL,0,'2016-11-02 20:35:31','2016-11-02 20:35:31',NULL),(370,27,'riid','问题记录ID','VARCHAR','1','0','1',80,80,'1',NULL,NULL,0,'2016-11-02 20:35:31','2016-11-02 20:35:31',NULL),(371,27,'csid','验收标准id','VARCHAR','1','0','1',85,85,'1',NULL,NULL,0,'2016-11-02 20:35:31','2016-11-02 20:35:31',NULL),(372,27,'csname','验收标准名称','VARCHAR','1','0','1',90,90,'1',NULL,NULL,0,'2016-11-02 20:35:31','2016-11-02 20:35:31',NULL),(373,27,'tid','任务ID','VARCHAR','1','0','1',95,95,'1',NULL,NULL,0,'2016-11-02 20:35:31','2016-11-02 20:35:31',NULL),(374,27,'tcid','标准卡ID','VARCHAR','1','0','1',100,100,'1',NULL,NULL,0,'2016-11-02 20:35:31','2016-11-02 20:35:31',NULL),(375,27,'ciid','验收小项ID','VARCHAR','1','0','1',105,105,'1',NULL,NULL,0,'2016-11-02 20:35:31','2016-11-02 20:35:31',NULL),(376,27,'ciname','验收小项名称','VARCHAR','1','0','1',110,110,'1',NULL,NULL,0,'2016-11-02 20:35:31','2016-11-02 20:35:31',NULL),(377,27,'remark','备注','TEXT','1','0','1',115,115,'1',NULL,NULL,0,'2016-11-02 20:35:31','2016-11-02 20:35:31',NULL),(378,27,'enabled','是否删除：1删除、0不删除','INT','1','0','0',120,120,'0',NULL,NULL,0,'2016-11-02 20:35:31','2016-11-02 20:35:31',NULL),(379,27,'createtime','创建时间','TIMESTAMP','1','0','1',125,125,'1',NULL,NULL,0,'2016-11-02 20:35:31','2016-11-02 20:35:31',NULL),(380,27,'last_modify_time','更新时间','TIMESTAMP','1','0','0',130,130,'0',NULL,NULL,0,'2016-11-02 20:35:31','2016-11-02 20:35:31',NULL),(381,28,'id','ID','VARCHAR','1','0','1',0,0,'1',NULL,NULL,0,'2016-11-02 20:35:31','2016-11-02 20:35:31',NULL),(382,28,'name','验收小项名称','VARCHAR','1','0','1',5,5,'1',NULL,NULL,0,'2016-11-02 20:35:31','2016-11-02 20:35:31',NULL),(383,28,'tid','任务ID','VARCHAR','1','0','1',10,10,'1',NULL,NULL,0,'2016-11-02 20:35:31','2016-11-02 20:35:31',NULL),(384,28,'tcid','任务标准卡ID','VARCHAR','1','0','1',15,15,'1',NULL,NULL,0,'2016-11-02 20:35:31','2016-11-02 20:35:31',NULL),(385,28,'ciid','验收项目id','VARCHAR','1','0','1',20,20,'1',NULL,NULL,0,'2016-11-02 20:35:31','2016-11-02 20:35:31',NULL),(386,28,'ciname','验收项目名称','VARCHAR','1','0','1',25,25,'1',NULL,NULL,0,'2016-11-02 20:35:31','2016-11-02 20:35:31',NULL),(387,28,'checktype','检查类型，冗余自card_item','VARCHAR','1','0','1',30,30,'1',NULL,NULL,0,'2016-11-02 20:35:31','2016-11-02 20:35:31',NULL),(388,28,'result','验收结果，0合格，1不合格','INT','1','0','1',35,35,'1',NULL,NULL,0,'2016-11-02 20:35:31','2016-11-02 20:35:31',NULL),(389,28,'remark','备注','TEXT','1','0','1',40,40,'1',NULL,NULL,0,'2016-11-02 20:35:31','2016-11-02 20:35:31',NULL),(390,28,'enabled','是否删除：1删除、0不删除','INT','1','0','0',45,45,'0',NULL,NULL,0,'2016-11-02 20:35:31','2016-11-02 20:35:31',NULL),(391,28,'createtime','创建时间','TIMESTAMP','1','0','1',50,50,'1',NULL,NULL,0,'2016-11-02 20:35:31','2016-11-02 20:35:31',NULL),(392,28,'last_modify_time','更新时间','TIMESTAMP','1','0','0',55,55,'0',NULL,NULL,0,'2016-11-02 20:35:31','2016-11-02 20:35:31',NULL),(393,29,'id','ID','VARCHAR','1','0','1',0,0,'1',NULL,NULL,0,'2016-11-02 20:35:31','2016-11-02 20:35:31',NULL),(394,29,'tid','关联的任务ID','VARCHAR','1','0','1',5,5,'1',NULL,NULL,0,'2016-11-02 20:35:31','2016-11-02 20:35:31',NULL),(395,29,'tcid','关联的任务标准卡ID','VARCHAR','1','0','1',10,10,'1',NULL,NULL,0,'2016-11-02 20:35:31','2016-11-02 20:35:31',NULL),(396,29,'ccid','关联的抄录项ID','VARCHAR','1','0','1',15,15,'1',NULL,NULL,0,'2016-11-02 20:35:31','2016-11-02 20:35:31',NULL),(397,29,'riid','result item ID','VARCHAR','1','0','1',20,20,'1',NULL,NULL,0,'2016-11-02 20:35:31','2016-11-02 20:35:31',NULL),(398,29,'name','抄录名称','VARCHAR','1','0','1',25,25,'1',NULL,NULL,0,'2016-11-02 20:35:31','2016-11-02 20:35:31',NULL),(399,29,'unit','关联的抄录项单位','VARCHAR','1','0','1',30,30,'1',NULL,NULL,0,'2016-11-02 20:35:31','2016-11-02 20:35:31',NULL),(400,29,'value','抄录值','VARCHAR','1','0','1',35,35,'1',NULL,NULL,0,'2016-11-02 20:35:31','2016-11-02 20:35:31',NULL),(401,29,'sort','抄录结果排序','INT','1','0','1',40,40,'1',NULL,NULL,0,'2016-11-02 20:35:31','2016-11-02 20:35:31',NULL),(402,29,'remark','备注','TEXT','1','0','1',45,45,'1',NULL,NULL,0,'2016-11-02 20:35:31','2016-11-02 20:35:31',NULL),(403,29,'enabled','是否删除：1删除、0不删除','INT','1','0','0',50,50,'0',NULL,NULL,0,'2016-11-02 20:35:31','2016-11-02 20:35:31',NULL),(404,29,'createtime','创建时间','TIMESTAMP','1','0','1',55,55,'1',NULL,NULL,0,'2016-11-02 20:35:31','2016-11-02 20:35:31',NULL),(405,29,'last_modify_time','更新时间','TIMESTAMP','1','0','0',60,60,'0',NULL,NULL,0,'2016-11-02 20:35:31','2016-11-02 20:35:31',NULL),(406,30,'id','ID','VARCHAR','1','0','1',0,0,'1',NULL,NULL,0,'2016-11-02 20:35:31','2016-11-02 20:35:31',NULL),(407,30,'tcid','任务标准卡ID','VARCHAR','1','0','1',5,5,'1',NULL,NULL,0,'2016-11-02 20:35:31','2016-11-02 20:35:31',NULL),(408,30,'tid','任务ID','VARCHAR','1','0','1',10,10,'1',NULL,NULL,0,'2016-11-02 20:35:31','2016-11-02 20:35:31',NULL),(409,30,'citid','验收类型ID','VARCHAR','1','0','1',15,15,'1',NULL,NULL,0,'2016-11-02 20:35:31','2016-11-02 20:35:31',NULL),(410,30,'signname','签名人','VARCHAR','1','0','1',20,20,'1',NULL,NULL,0,'2016-11-02 20:35:31','2016-11-02 20:35:31',NULL),(411,30,'signimg','签名图片地址','VARCHAR','1','0','1',25,25,'1',NULL,NULL,0,'2016-11-02 20:35:31','2016-11-02 20:35:31',NULL),(412,30,'remark','备注','TEXT','1','0','1',30,30,'1',NULL,NULL,0,'2016-11-02 20:35:31','2016-11-02 20:35:31',NULL),(413,30,'enabled','是否删除：1删除、0不删除','INT','1','0','0',35,35,'0',NULL,NULL,0,'2016-11-02 20:35:31','2016-11-02 20:35:31',NULL),(414,30,'createtime','创建时间','TIMESTAMP','1','0','1',40,40,'1',NULL,NULL,0,'2016-11-02 20:35:31','2016-11-02 20:35:31',NULL),(415,30,'last_modify_time','更新时间','TIMESTAMP','1','0','0',45,45,'0',NULL,NULL,0,'2016-11-02 20:35:31','2016-11-02 20:35:31',NULL),(416,31,'id','ID','VARCHAR','1','0','0',0,0,'0',NULL,'{\"formview\":{},\"listview\":{},\"dataconfig\":{}}',0,'2016-11-04 13:56:16','2016-11-02 20:35:31',NULL),(417,31,'name','任务名称','VARCHAR','1','0','1',5,5,'1',NULL,'{\"formview\":{\"length_validate\":\"\",\"validate_type\":\"\",\"view_type\":\"text\",\"lookup_url\":\"\",\"chk_style\":\"radio\",\"select_search\":\"false\",\"select_multi\":\"false\",\"is_form_readonly\":\"0\"},\"listview\":{\"list_width\":\"\",\"list_sql\":\"\",\"is_list_sort\":\"1\",\"list_align\":\"left\",\"list_search_op\":\"like\",\"list_style\":\"\"},\"dataconfig\":{}}',0,'2016-11-25 13:17:24','2016-11-02 20:35:31',NULL),(418,31,'pid','工程项目ID','VARCHAR','1','0','0',10,10,'0',NULL,'{\"formview\":{},\"listview\":{},\"dataconfig\":{}}',0,'2016-11-10 14:24:49','2016-11-02 20:35:31',NULL),(419,31,'pname','工程项目名称','VARCHAR','1','0','0',15,15,'0',NULL,'{\"formview\":{},\"listview\":{},\"dataconfig\":{}}',0,'2016-11-25 13:15:55','2016-11-02 20:35:31',NULL),(420,31,'flow','验收流程key','VARCHAR','1','0','0',20,20,'0',NULL,'{\"formview\":{},\"listview\":{},\"dataconfig\":{}}',0,'2016-11-10 14:25:19','2016-11-02 20:35:31',NULL),(421,31,'flowname','验收流程的名称','VARCHAR','1','0','0',6,25,'0',NULL,'{\"formview\":{},\"listview\":{},\"dataconfig\":{}}',0,'2016-11-25 13:20:08','2016-11-02 20:35:31',NULL),(422,31,'type','任务类型','VARCHAR','1','0','1',8,30,'1',NULL,'{\"formview\":{\"length_validate\":\"\",\"validate_type\":\"\",\"view_type\":\"selectpicker\",\"lookup_url\":\"\",\"chk_style\":\"radio\",\"select_search\":\"false\",\"select_multi\":\"false\",\"is_form_readonly\":\"0\"},\"listview\":{\"list_width\":\"\",\"list_sql\":\"select name from card_type where card_type.key = ?\",\"is_list_sort\":\"1\",\"list_align\":\"left\",\"list_search_op\":\"=\",\"list_style\":\"\"},\"dataconfig\":{}}',0,'2016-11-25 13:29:30','2016-11-02 20:35:31','/app/cardtype/json'),(423,31,'cards','关联验收卡','VARCHAR','1','0','1',40,35,'0',NULL,'{\"formview\":{\"length_validate\":\"\",\"validate_type\":\"\",\"view_type\":\"text\",\"lookup_url\":\"\",\"chk_style\":\"radio\",\"select_search\":\"false\",\"select_multi\":\"false\",\"is_form_readonly\":\"0\"},\"listview\":{\"list_width\":\"\",\"list_sql\":\"select name from card where id = ?\",\"is_list_sort\":\"1\",\"list_align\":\"left\",\"list_search_op\":\"\",\"list_style\":\"\"},\"dataconfig\":{}}',0,'2016-11-25 13:16:39','2016-11-02 20:35:31',NULL),(424,31,'deviceno','设备型号','VARCHAR','1','0','1',35,40,'1',NULL,'{\"formview\":{\"length_validate\":\"\",\"validate_type\":\"\",\"view_type\":\"text\",\"lookup_url\":\"\",\"chk_style\":\"radio\",\"select_search\":\"false\",\"select_multi\":\"false\",\"is_form_readonly\":\"0\"},\"listview\":{\"list_width\":\"\",\"list_sql\":\"\",\"is_list_sort\":\"1\",\"list_align\":\"left\",\"list_search_op\":\"like\",\"list_style\":\"\"},\"dataconfig\":{}}',0,'2016-11-25 13:34:39','2016-11-02 20:35:31',NULL),(425,31,'status','验收状态','VARCHAR','1','0','1',10,45,'0',NULL,'{\"formview\":{},\"listview\":{},\"dataconfig\":{}}',0,'2016-11-25 13:15:15','2016-11-02 20:35:31',NULL),(426,31,'result','结论','VARCHAR','1','0','0',50,50,'0',NULL,'{\"formview\":{},\"listview\":{},\"dataconfig\":{}}',0,'2016-11-10 14:25:47','2016-11-02 20:35:31',NULL),(427,31,'remark','备注','TEXT','1','0','0',55,55,'0',NULL,'{\"formview\":{},\"listview\":{},\"dataconfig\":{}}',0,'2016-11-10 14:25:53','2016-11-02 20:35:31',NULL),(428,31,'enabled','是否删除：1删除、0不删除','INT','1','0','0',60,60,'0',NULL,NULL,0,'2016-11-02 20:35:31','2016-11-02 20:35:31',NULL),(429,31,'createtime','创建时间','TIMESTAMP','1','0','0',65,65,'0',NULL,'{\"formview\":{},\"listview\":{},\"dataconfig\":{}}',0,'2016-11-10 14:25:59','2016-11-02 20:35:31',NULL),(430,31,'last_modify_time','更新时间','TIMESTAMP','1','0','0',70,70,'0',NULL,NULL,0,'2016-11-02 20:35:31','2016-11-02 20:35:31',NULL),(431,32,'id','ID','VARCHAR','1','0','1',0,0,'1',NULL,NULL,0,'2016-11-02 20:35:31','2016-11-02 20:35:31',NULL),(432,32,'tid','任务ID','VARCHAR','1','0','1',5,5,'1',NULL,NULL,0,'2016-11-02 20:35:31','2016-11-02 20:35:31',NULL),(433,32,'cid','标准卡ID，来源Card表','VARCHAR','1','0','1',10,10,'1',NULL,NULL,0,'2016-11-02 20:35:31','2016-11-02 20:35:31',NULL),(434,32,'status','状态：新增add、进行中doing、完成done','VARCHAR','1','0','1',15,15,'1',NULL,NULL,0,'2016-11-02 20:35:31','2016-11-02 20:35:31',NULL),(435,32,'cname','验收卡名称','VARCHAR','1','0','1',20,20,'1',NULL,NULL,0,'2016-11-02 20:35:31','2016-11-02 20:35:31',NULL),(436,32,'flow','验收流程key，数据来源config表','VARCHAR','1','0','1',25,25,'1',NULL,NULL,0,'2016-11-02 20:35:31','2016-11-02 20:35:31',NULL),(437,32,'type','验收类型的key','VARCHAR','1','0','1',30,30,'1',NULL,NULL,0,'2016-11-02 20:35:31','2016-11-02 20:35:31',NULL),(438,32,'dtid','设备类型id，数据来源device_type','VARCHAR','1','0','1',35,35,'1',NULL,NULL,0,'2016-11-02 20:35:31','2016-11-02 20:35:31',NULL),(439,32,'gcmc','工程名称','VARCHAR','1','0','1',40,40,'1',NULL,NULL,0,'2016-11-02 20:35:31','2016-11-02 20:35:31',NULL),(440,32,'sjdw','设计单位','VARCHAR','1','0','1',45,45,'1',NULL,NULL,0,'2016-11-02 20:35:31','2016-11-02 20:35:31',NULL),(441,32,'ysdw','验收单位','VARCHAR','1','0','1',50,50,'1',NULL,NULL,0,'2016-11-02 20:35:31','2016-11-02 20:35:31',NULL),(442,32,'ysrq','验收日期','VARCHAR','1','0','1',55,55,'1',NULL,NULL,0,'2016-11-02 20:35:31','2016-11-02 20:35:31',NULL),(443,32,'sccj','生产厂家','VARCHAR','1','0','1',60,60,'1',NULL,NULL,0,'2016-11-02 20:35:31','2016-11-02 20:35:31',NULL),(444,32,'sbxh','设备型号','VARCHAR','1','0','1',65,65,'1',NULL,NULL,0,'2016-11-02 20:35:31','2016-11-02 20:35:31',NULL),(445,32,'scgh','生产工号','VARCHAR','1','0','1',70,70,'1',NULL,NULL,0,'2016-11-02 20:35:31','2016-11-02 20:35:31',NULL),(446,32,'ccbh','出厂编号','VARCHAR','1','0','1',75,75,'1',NULL,NULL,0,'2016-11-02 20:35:31','2016-11-02 20:35:31',NULL),(447,32,'bdsmc','变电所名称','VARCHAR','1','0','1',80,80,'1',NULL,NULL,0,'2016-11-02 20:35:31','2016-11-02 20:35:31',NULL),(448,32,'sbmcbh','设备名称编号','VARCHAR','1','0','1',85,85,'1',NULL,NULL,0,'2016-11-02 20:35:31','2016-11-02 20:35:31',NULL),(449,32,'remark','备注','TEXT','1','0','1',90,90,'1',NULL,NULL,0,'2016-11-02 20:35:31','2016-11-02 20:35:31',NULL),(450,32,'enabled','是否删除：1删除、0不删除','INT','1','0','0',95,95,'0',NULL,NULL,0,'2016-11-02 20:35:31','2016-11-02 20:35:31',NULL),(451,32,'createtime','创建时间','TIMESTAMP','1','0','1',100,100,'1',NULL,NULL,0,'2016-11-02 20:35:31','2016-11-02 20:35:31',NULL),(452,32,'last_modify_time','更新时间','TIMESTAMP','1','0','0',105,105,'0',NULL,NULL,0,'2016-11-02 20:35:31','2016-11-02 20:35:31',NULL),(453,13,'uid','用户ID','INT','1','0','0',0,0,'1',NULL,'{\"formview\":{},\"listview\":{},\"dataconfig\":{}}',0,'2017-01-05 18:00:23','2016-11-02 20:40:05',NULL),(454,13,'did','部门ID','VARCHAR','1','0','0',5,5,'1',NULL,'{\"formview\":{},\"listview\":{},\"dataconfig\":{}}',0,'2017-01-05 18:00:27','2016-11-02 20:40:05',NULL),(455,13,'uname','用户姓名','VARCHAR','1','0','1',10,10,'1',NULL,NULL,0,'2016-11-02 20:40:05','2016-11-02 20:40:05',NULL),(456,13,'uaccount','登录账户','VARCHAR','1','0','1',15,15,'1',NULL,NULL,0,'2016-11-02 20:40:05','2016-11-02 20:40:05',NULL),(457,13,'upwd','登录密码','VARCHAR','1','0','0',20,20,'1',NULL,'{\"formview\":{},\"listview\":{},\"dataconfig\":{}}',0,'2017-01-05 18:01:06','2016-11-02 20:40:05',NULL),(458,13,'enabled','是否可用','INT','1','0','0',25,25,'0',NULL,NULL,0,'2016-11-02 20:40:05','2016-11-02 20:40:05',NULL),(459,13,'last_modify_time','最后修改时间','DATETIME','1','0','0',30,30,'0',NULL,NULL,0,'2016-11-02 20:40:05','2016-11-02 20:40:05',NULL),(460,13,'create_time','创建时间','DATETIME','1','0','0',35,35,'0',NULL,NULL,0,'2016-11-02 20:40:05','2016-11-02 20:40:05',NULL),(461,2,'did','部门ID','INT','1','0','0',0,0,'0',NULL,'{\"formview\":{},\"listview\":{},\"dataconfig\":{}}',0,'2017-01-05 18:24:57','2016-11-02 20:44:27',NULL),(462,2,'dname','部门名称','VARCHAR','1','0','1',5,5,'1',NULL,NULL,0,'2016-11-02 20:44:27','2016-11-02 20:44:27',NULL),(463,2,'pid','上级部门','VARCHAR','1','0','1',10,10,'1',NULL,NULL,0,'2016-11-02 20:44:27','2016-11-02 20:44:27',NULL),(464,2,'enabled','是否可用','INT','1','0','0',15,15,'0',NULL,NULL,0,'2016-11-02 20:44:27','2016-11-02 20:44:27',NULL),(465,2,'last_modify_time','最后修改时间','DATETIME','1','0','0',20,20,'0',NULL,NULL,0,'2016-11-02 20:44:27','2016-11-02 20:44:27',NULL),(466,2,'create_time','创建时间','DATETIME','1','0','0',25,25,'0',NULL,NULL,0,'2016-11-02 20:44:27','2016-11-02 20:44:27',NULL),(467,2,'type','部门类型','VARCHAR','1','0','1',30,30,'1',NULL,NULL,0,'2016-11-02 20:44:27','2016-11-02 20:44:27',NULL),(468,33,'id','ID','VARCHAR','1','0','1',0,0,'1',NULL,NULL,0,'2016-11-04 15:45:52','2016-11-04 15:45:52',NULL),(469,33,'key','不会改变的内容，可以在代码中使用','VARCHAR','1','0','1',5,5,'1',NULL,NULL,0,'2016-11-04 15:45:52','2016-11-04 15:45:52',NULL),(470,33,'name','显示的内容','VARCHAR','1','0','1',10,10,'1',NULL,NULL,0,'2016-11-04 15:45:52','2016-11-04 15:45:52',NULL),(471,33,'type','类型，可以直接在代码中固化此字段','VARCHAR','1','0','1',15,15,'1',NULL,NULL,0,'2016-11-04 15:45:52','2016-11-04 15:45:52',NULL),(472,33,'remark','备注','TEXT','1','0','1',20,20,'1',NULL,NULL,0,'2016-11-04 15:45:52','2016-11-04 15:45:52',NULL),(473,33,'sort','排序','INT','1','0','1',25,25,'1',NULL,NULL,0,'2016-11-04 15:45:52','2016-11-04 15:45:52',NULL),(474,33,'enabled','是否删除：1删除、0不删除','INT','1','0','0',30,30,'0',NULL,NULL,0,'2016-11-04 15:45:52','2016-11-04 15:45:52',NULL),(475,33,'createtime','创建时间','TIMESTAMP','1','0','1',35,35,'1',NULL,NULL,0,'2016-11-04 15:45:52','2016-11-04 15:45:52',NULL),(476,33,'last_modify_time','更新时间','TIMESTAMP','1','0','0',40,40,'0',NULL,NULL,0,'2016-11-04 15:45:52','2016-11-04 15:45:52',NULL),(477,16,'showjldw','是否展示监理单位。1展示，0不展示','INT','1','0','0',0,0,'0',NULL,'{\"formview\":{},\"listview\":{},\"dataconfig\":{}}',0,'2016-11-10 17:29:21','2016-11-10 10:18:30',NULL),(478,16,'showsgdw','是否展示施工单位。1展示，0不展示','INT','1','0','0',5,5,'0',NULL,'{\"formview\":{},\"listview\":{},\"dataconfig\":{}}',0,'2016-11-10 17:29:32','2016-11-10 10:18:30',NULL),(479,16,'sort','排序','INT','1','0','0',10,10,'0',NULL,'{\"formview\":{},\"listview\":{},\"dataconfig\":{}}',0,'2016-11-10 17:29:48','2016-11-10 10:18:30',NULL),(480,16,'dlt','是否删除：1删除、0不删除','INT','1','0','0',15,15,'0',NULL,'{\"formview\":{},\"listview\":{},\"dataconfig\":{}}',0,'2016-11-10 17:30:02','2016-11-10 10:18:30',NULL),(481,16,'updatetime','更新时间','TIMESTAMP','1','0','0',20,20,'0',NULL,'{\"formview\":{},\"listview\":{},\"dataconfig\":{}}',0,'2016-11-10 17:30:21','2016-11-10 10:18:30',NULL),(482,17,'dlt','是否删除：1删除、0不删除','INT','1','0','0',0,0,'0',NULL,'{\"formview\":{},\"listview\":{},\"dataconfig\":{}}',0,'2016-11-10 17:59:09','2016-11-10 10:18:30',NULL),(483,17,'updatetime','更新时间','TIMESTAMP','1','0','0',5,5,'0',NULL,'{\"formview\":{},\"listview\":{},\"dataconfig\":{}}',0,'2016-11-10 17:59:15','2016-11-10 10:18:30',NULL),(484,18,'dlt','是否删除：1删除、0不删除','INT','1','0','0',0,0,'0',NULL,'{\"formview\":{},\"listview\":{},\"dataconfig\":{}}',0,'2016-11-10 17:55:32','2016-11-10 10:18:30',NULL),(485,18,'updatetime','更新时间','TIMESTAMP','1','0','0',5,5,'0',NULL,'{\"formview\":{},\"listview\":{},\"dataconfig\":{}}',0,'2016-11-10 17:55:39','2016-11-10 10:18:30',NULL),(486,19,'dlt','是否删除：1删除、0不删除','INT','1','0','0',0,0,'0',NULL,'{\"formview\":{},\"listview\":{},\"dataconfig\":{}}',0,'2016-11-11 17:27:15','2016-11-10 10:18:30',NULL),(487,19,'updatetime','更新时间','TIMESTAMP','1','0','0',5,5,'0',NULL,'{\"formview\":{},\"listview\":{},\"dataconfig\":{}}',0,'2016-11-11 17:27:20','2016-11-10 10:18:30',NULL),(488,20,'dlt','是否删除：1删除、0不删除','INT','1','0','0',0,0,'0',NULL,'{\"formview\":{},\"listview\":{},\"dataconfig\":{}}',0,'2016-11-10 17:56:45','2016-11-10 10:18:30',NULL),(489,20,'updatetime','更新时间','TIMESTAMP','1','0','0',5,5,'0',NULL,'{\"formview\":{},\"listview\":{},\"dataconfig\":{}}',0,'2016-11-10 17:56:52','2016-11-10 10:18:30',NULL),(490,21,'dlt','是否删除：1删除、0不删除','INT','1','0','0',0,0,'0',NULL,'{\"formview\":{},\"listview\":{},\"dataconfig\":{}}',0,'2016-11-10 17:57:32','2016-11-10 10:18:30',NULL),(491,21,'updatetime','更新时间','TIMESTAMP','1','0','0',5,5,'0',NULL,'{\"formview\":{},\"listview\":{},\"dataconfig\":{}}',0,'2016-11-10 17:57:47','2016-11-10 10:18:30',NULL),(492,22,'dlt','是否删除：1删除、0不删除','INT','1','0','0',0,0,'0',NULL,'{\"formview\":{},\"listview\":{},\"dataconfig\":{}}',0,'2016-11-10 17:51:52','2016-11-10 10:18:30',NULL),(493,22,'updatetime','更新时间','TIMESTAMP','1','0','0',5,5,'0',NULL,'{\"formview\":{},\"listview\":{},\"dataconfig\":{}}',0,'2016-11-10 17:51:59','2016-11-10 10:18:30',NULL),(494,23,'bdz','变电站','VARCHAR','1','0','0',0,0,'0',NULL,'{\"formview\":{},\"listview\":{},\"dataconfig\":{}}',0,'2016-11-10 17:24:21','2016-11-10 10:18:30',NULL),(495,23,'dlt','是否删除：1删除、0不删除','INT','1','0','0',5,5,'0',NULL,'{\"formview\":{},\"listview\":{},\"dataconfig\":{}}',0,'2016-11-10 17:24:34','2016-11-10 10:18:30',NULL),(496,23,'updatetime','更新时间','TIMESTAMP','1','0','0',10,10,'0',NULL,'{\"formview\":{},\"listview\":{},\"dataconfig\":{}}',0,'2016-11-10 17:24:53','2016-11-10 10:18:30',NULL),(497,24,'dlt','是否删除：1删除、0不删除','INT','1','0','0',0,0,'0',NULL,'{\"formview\":{},\"listview\":{},\"dataconfig\":{}}',0,'2016-11-11 11:51:46','2016-11-10 10:18:30',NULL),(498,24,'updatetime','更新时间','TIMESTAMP','1','0','0',5,5,'0',NULL,'{\"formview\":{},\"listview\":{},\"dataconfig\":{}}',0,'2016-11-11 11:52:00','2016-11-10 10:18:30',NULL),(499,25,'dlt','是否删除：1删除、0不删除','INT','1','0','1',0,0,'1',NULL,NULL,0,'2016-11-10 10:18:30','2016-11-10 10:18:30',NULL),(500,25,'updatetime','更新时间','TIMESTAMP','1','0','1',5,5,'1',NULL,NULL,0,'2016-11-10 10:18:30','2016-11-10 10:18:30',NULL),(501,26,'creator','新建人员','VARCHAR','1','0','1',0,0,'1',NULL,NULL,0,'2016-11-10 10:18:30','2016-11-10 10:18:30',NULL),(502,26,'fixer','整改人','VARCHAR','1','0','1',5,5,'1',NULL,NULL,0,'2016-11-10 10:18:30','2016-11-10 10:18:30',NULL),(503,26,'fixtime','整改时间','DATETIME','1','0','1',10,10,'1',NULL,NULL,0,'2016-11-10 10:18:30','2016-11-10 10:18:30',NULL),(504,26,'dlt','是否删除：1删除、0不删除','INT','1','0','1',15,15,'1',NULL,NULL,0,'2016-11-10 10:18:30','2016-11-10 10:18:30',NULL),(505,26,'updatetime','更新时间','TIMESTAMP','1','0','1',20,20,'1',NULL,NULL,0,'2016-11-10 10:18:30','2016-11-10 10:18:30',NULL),(506,27,'dlt','是否删除：1删除、0不删除','INT','1','0','1',0,0,'1',NULL,NULL,0,'2016-11-10 10:18:30','2016-11-10 10:18:30',NULL),(507,27,'updatetime','更新时间','TIMESTAMP','1','0','1',5,5,'1',NULL,NULL,0,'2016-11-10 10:18:30','2016-11-10 10:18:30',NULL),(508,28,'images','资料采集的照片，多个用，好分开','TEXT','1','0','1',0,0,'1',NULL,NULL,0,'2016-11-10 10:18:30','2016-11-10 10:18:30',NULL),(509,28,'dlt','是否删除：1删除、0不删除','INT','1','0','1',5,5,'1',NULL,NULL,0,'2016-11-10 10:18:30','2016-11-10 10:18:30',NULL),(510,28,'updatetime','更新时间','TIMESTAMP','1','0','1',10,10,'1',NULL,NULL,0,'2016-11-10 10:18:30','2016-11-10 10:18:30',NULL),(511,29,'dlt','是否删除：1删除、0不删除','INT','1','0','1',0,0,'1',NULL,NULL,0,'2016-11-10 10:18:30','2016-11-10 10:18:30',NULL),(512,29,'updatetime','更新时间','TIMESTAMP','1','0','1',5,5,'1',NULL,NULL,0,'2016-11-10 10:18:30','2016-11-10 10:18:30',NULL),(513,30,'dlt','是否删除：1删除、0不删除','INT','1','0','1',0,0,'1',NULL,NULL,0,'2016-11-10 10:18:30','2016-11-10 10:18:30',NULL),(514,30,'updatetime','更新时间','TIMESTAMP','1','0','1',5,5,'1',NULL,NULL,0,'2016-11-10 10:18:30','2016-11-10 10:18:30',NULL),(515,33,'dlt','是否删除：1删除、0不删除','INT','1','0','1',0,0,'1',NULL,NULL,0,'2016-11-10 10:18:30','2016-11-10 10:18:30',NULL),(516,33,'updatetime','更新时间','TIMESTAMP','1','0','1',5,5,'1',NULL,NULL,0,'2016-11-10 10:18:30','2016-11-10 10:18:30',NULL),(517,31,'devicetype','设备类型','VARCHAR','1','0','1',15,0,'1',NULL,'{\"formview\":{\"length_validate\":\"\",\"validate_type\":\"\",\"view_type\":\"selectpicker\",\"lookup_url\":\"\",\"chk_style\":\"radio\",\"select_search\":\"false\",\"select_multi\":\"false\",\"is_form_readonly\":\"0\"},\"listview\":{\"list_width\":\"\",\"list_sql\":\"\",\"is_list_sort\":\"1\",\"list_align\":\"left\",\"list_search_op\":\"=\",\"list_style\":\"\"},\"dataconfig\":{}}',0,'2016-11-25 13:30:59','2016-11-10 10:18:30','/app/devicetype/deviceTypeName'),(518,31,'productor','生产厂家','VARCHAR','1','0','0',5,5,'0',NULL,'{\"formview\":{},\"listview\":{},\"dataconfig\":{}}',0,'2016-11-10 14:24:30','2016-11-10 10:18:30',NULL),(519,31,'time','计划时间','VARCHAR','1','0','0',10,10,'0',NULL,NULL,0,'2016-11-10 10:18:30','2016-11-10 10:18:30',NULL),(520,31,'sort','排序','INT','1','0','0',15,15,'0',NULL,'{\"formview\":{},\"listview\":{},\"dataconfig\":{}}',0,'2016-11-10 14:24:58','2016-11-10 10:18:30',NULL),(521,31,'dlt','是否删除：1删除、0不删除','INT','1','0','0',20,20,'0',NULL,'{\"formview\":{},\"listview\":{},\"dataconfig\":{}}',0,'2016-11-10 14:25:12','2016-11-10 10:18:30',NULL),(522,31,'updatetime','更新时间','TIMESTAMP','1','0','0',25,25,'0',NULL,'{\"formview\":{},\"listview\":{},\"dataconfig\":{}}',0,'2016-11-10 14:25:26','2016-11-10 10:18:30',NULL),(523,32,'jldw','监理单位','VARCHAR','1','0','1',0,0,'1',NULL,NULL,0,'2016-11-10 10:18:30','2016-11-10 10:18:30',NULL),(524,32,'sgdw','施工单位','VARCHAR','1','0','1',5,5,'1',NULL,NULL,0,'2016-11-10 10:18:30','2016-11-10 10:18:30',NULL),(525,32,'dlt','是否删除：1删除、0不删除','INT','1','0','1',10,10,'1',NULL,NULL,0,'2016-11-10 10:18:30','2016-11-10 10:18:30',NULL),(526,32,'updatetime','更新时间','TIMESTAMP','1','0','1',15,15,'1',NULL,NULL,0,'2016-11-10 10:18:30','2016-11-10 10:18:30',NULL),(527,32,'citids','隐蔽工程选择验收大项的ids,逗号分隔','VARCHAR','1','0','1',0,0,'1',NULL,NULL,0,'2016-11-16 16:58:33','2016-11-16 16:58:33',NULL),(528,26,'fixremark','整改说明','TEXT','1','0','1',0,0,'1',NULL,NULL,0,'2016-11-18 10:31:06','2016-11-18 10:31:06',NULL),(529,26,'fiximgs','整改照片，多个用逗号分割','VARCHAR','1','0','1',5,5,'1',NULL,NULL,0,'2016-11-18 10:31:06','2016-11-18 10:31:06',NULL),(530,26,'isremain','是否是遗留问题：1是，0不是','INT','1','0','1',0,0,'1',NULL,NULL,0,'2016-11-21 14:32:23','2016-11-21 14:32:23',NULL),(531,26,'remainer','标记为遗留问题的人员','VARCHAR','1','0','1',5,5,'1',NULL,NULL,0,'2016-11-21 14:32:23','2016-11-21 14:32:23',NULL),(532,26,'remaintime','标记为遗留问题的时间','TIMESTAMP','1','0','1',10,10,'1',NULL,NULL,0,'2016-11-21 14:32:23','2016-11-21 14:32:23',NULL),(533,23,'ysjh','验收计划','VARCHAR','1','0','0',0,0,'0',NULL,'{\"formview\":{},\"listview\":{},\"dataconfig\":{}}',0,'2016-11-22 09:50:17','2016-11-22 09:48:32',NULL),(534,23,'ysfa','验收方案','VARCHAR','1','0','0',5,5,'0',NULL,'{\"formview\":{},\"listview\":{},\"dataconfig\":{}}',0,'2016-11-22 09:50:23','2016-11-22 09:48:32',NULL),(535,23,'jlbg','监理报告','VARCHAR','1','0','0',10,10,'0',NULL,'{\"formview\":{},\"listview\":{},\"dataconfig\":{}}',0,'2016-11-22 09:50:29','2016-11-22 09:48:32',NULL),(536,22,'sort','排序','INT','1','0','0',0,0,'0',NULL,'{\"formview\":{},\"listview\":{},\"dataconfig\":{}}',0,'2016-12-14 21:12:55','2016-11-22 15:17:11',NULL),(537,34,'id','ID','VARCHAR','1','0','1',0,0,'1',NULL,NULL,0,'2016-11-22 16:28:27','2016-11-22 16:28:27',NULL),(538,34,'tid','任务ID','VARCHAR','1','0','1',5,5,'1',NULL,NULL,0,'2016-11-22 16:28:27','2016-11-22 16:28:27',NULL),(539,34,'ctid','到货清点任务ID','VARCHAR','1','0','1',10,10,'1',NULL,NULL,0,'2016-11-22 16:28:27','2016-11-22 16:28:27',NULL),(540,34,'pid','项目ID','VARCHAR','1','0','1',15,15,'1',NULL,NULL,0,'2016-11-22 16:28:27','2016-11-22 16:28:27',NULL),(541,34,'dtid','设别大类的ID','VARCHAR','1','0','1',20,20,'1',NULL,NULL,0,'2016-11-22 16:28:27','2016-11-22 16:28:27',NULL),(542,34,'name','设备名称','VARCHAR','1','0','1',25,25,'1',NULL,NULL,0,'2016-11-22 16:28:27','2016-11-22 16:28:27',NULL),(543,34,'deviceno','设备型号','VARCHAR','1','0','1',30,30,'1',NULL,NULL,0,'2016-11-22 16:28:27','2016-11-22 16:28:27',NULL),(544,34,'amount','数量','INT','1','0','1',35,35,'1',NULL,NULL,0,'2016-11-22 16:28:27','2016-11-22 16:28:27',NULL),(545,34,'time','到货时间','TIMESTAMP','1','0','0',40,40,'0',NULL,NULL,0,'2016-11-22 16:28:27','2016-11-22 16:28:27',NULL),(546,34,'place','存放地点','VARCHAR','1','0','1',45,45,'1',NULL,NULL,0,'2016-11-22 16:28:27','2016-11-22 16:28:27',NULL),(547,34,'counter','清点人员','VARCHAR','1','0','1',50,50,'1',NULL,NULL,0,'2016-11-22 16:28:27','2016-11-22 16:28:27',NULL),(548,34,'remark','备注','TEXT','1','0','1',55,55,'1',NULL,NULL,0,'2016-11-22 16:28:27','2016-11-22 16:28:27',NULL),(549,34,'dlt','是否删除：1删除、0不删除','INT','1','0','1',60,60,'1',NULL,NULL,0,'2016-11-22 16:28:27','2016-11-22 16:28:27',NULL),(550,34,'enabled','是否删除：1删除、0不删除','INT','1','0','0',65,65,'0',NULL,NULL,0,'2016-11-22 16:28:27','2016-11-22 16:28:27',NULL),(551,34,'createtime','创建时间','TIMESTAMP','1','0','1',70,70,'1',NULL,NULL,0,'2016-11-22 16:28:27','2016-11-22 16:28:27',NULL),(552,34,'updatetime','更新时间','TIMESTAMP','1','0','1',75,75,'1',NULL,NULL,0,'2016-11-22 16:28:27','2016-11-22 16:28:27',NULL),(553,34,'last_modify_time','最后更新时间','TIMESTAMP','1','0','0',80,80,'0',NULL,NULL,0,'2016-11-22 16:28:27','2016-11-22 16:28:27',NULL),(554,35,'id','ID','VARCHAR','1','0','1',0,0,'1',NULL,NULL,0,'2016-11-22 16:28:27','2016-11-22 16:28:27',NULL),(555,35,'tid','任务ID','VARCHAR','1','0','1',5,5,'1',NULL,NULL,0,'2016-11-22 16:28:27','2016-11-22 16:28:27',NULL),(556,35,'flow','验收流程key，数据来源config表','VARCHAR','1','0','1',10,10,'1',NULL,NULL,0,'2016-11-22 16:28:27','2016-11-22 16:28:27',NULL),(557,35,'type','验收类型的key','VARCHAR','1','0','1',15,15,'1',NULL,NULL,0,'2016-11-22 16:28:27','2016-11-22 16:28:27',NULL),(558,35,'imgs','到货清单，多个用逗号分开','VARCHAR','1','0','1',20,20,'1',NULL,NULL,0,'2016-11-22 16:28:27','2016-11-22 16:28:27',NULL),(559,35,'remark','备注','TEXT','1','0','1',25,25,'1',NULL,NULL,0,'2016-11-22 16:28:27','2016-11-22 16:28:27',NULL),(560,35,'dlt','是否删除：1删除、0不删除','INT','1','0','1',30,30,'1',NULL,NULL,0,'2016-11-22 16:28:27','2016-11-22 16:28:27',NULL),(561,35,'enabled','是否删除：1删除、0不删除','INT','1','0','0',35,35,'0',NULL,NULL,0,'2016-11-22 16:28:27','2016-11-22 16:28:27',NULL),(562,35,'createtime','创建时间','TIMESTAMP','1','0','1',40,40,'1',NULL,NULL,0,'2016-11-22 16:28:27','2016-11-22 16:28:27',NULL),(563,35,'updatetime','更新时间','TIMESTAMP','1','0','1',45,45,'1',NULL,NULL,0,'2016-11-22 16:28:27','2016-11-22 16:28:27',NULL),(564,35,'last_modify_time','最后更新时间','TIMESTAMP','1','0','0',50,50,'0',NULL,NULL,0,'2016-11-22 16:28:27','2016-11-22 16:28:27',NULL),(565,31,'oids','被合并的任务ID，多个ID用逗号分割','VARCHAR','1','0','0',0,0,'0',NULL,'{\"formview\":{},\"listview\":{},\"dataconfig\":{}}',0,'2016-11-23 15:32:58','2016-11-23 15:32:06',NULL),(566,36,'id','ID','VARCHAR','1','0','1',0,0,'1',NULL,NULL,0,'2016-12-09 17:59:40','2016-12-09 17:59:40',NULL),(567,36,'pid','工程项目ID','VARCHAR','1','0','1',5,5,'1',NULL,NULL,0,'2016-12-09 17:59:40','2016-12-09 17:59:40',NULL),(568,36,'start_date','开始日期','TIMESTAMP','1','0','1',10,10,'1',NULL,NULL,0,'2016-12-09 17:59:40','2016-12-09 17:59:40',NULL),(569,36,'duration','持续时间','INT','1','0','1',15,15,'1',NULL,NULL,0,'2016-12-09 17:59:40','2016-12-09 17:59:40',NULL),(570,36,'text','任务名字','TEXT','1','0','1',20,20,'1',NULL,NULL,0,'2016-12-09 17:59:41','2016-12-09 17:59:41',NULL),(571,36,'remark','备注','TEXT','1','0','1',25,25,'1',NULL,NULL,0,'2016-12-09 17:59:41','2016-12-09 17:59:41',NULL),(572,36,'dlt','是否删除：1删除、0不删除','INT','1','0','1',30,30,'1',NULL,NULL,0,'2016-12-09 17:59:41','2016-12-09 17:59:41',NULL),(573,36,'enabled','是否删除：1删除、0不删除','INT','1','0','0',35,35,'0',NULL,NULL,0,'2016-12-09 17:59:41','2016-12-09 17:59:41',NULL),(574,36,'createtime','创建时间','TIMESTAMP','1','0','1',40,40,'1',NULL,NULL,0,'2016-12-09 17:59:41','2016-12-09 17:59:41',NULL),(575,36,'updatetime','更新时间','TIMESTAMP','1','0','1',45,45,'1',NULL,NULL,0,'2016-12-09 17:59:41','2016-12-09 17:59:41',NULL),(576,36,'last_modify_time','最后更新时间','TIMESTAMP','1','0','0',50,50,'0',NULL,NULL,0,'2016-12-09 17:59:41','2016-12-09 17:59:41',NULL),(577,34,'sdtid','设备小类ID 关联DeviceType','VARCHAR','1','0','1',0,0,'1',NULL,NULL,0,'2016-12-11 07:03:41','2016-12-11 07:03:41',NULL),(578,22,'pid','二次设备子类的父ID，第一级pid无意义且应为空','VARCHAR','1','0','0',0,0,'0',NULL,'{\"formview\":{},\"listview\":{},\"dataconfig\":{}}',0,'2016-12-14 21:13:06','2016-12-11 07:03:42',NULL),(579,22,'pinyin','名称的简拼','VARCHAR','1','0','0',5,5,'1',NULL,'{\"formview\":{\"length_validate\":\"\",\"validate_type\":\"\",\"view_type\":\"textarea\",\"lookup_url\":\"\",\"chk_style\":\"radio\",\"select_search\":\"false\",\"select_multi\":\"false\",\"is_form_readonly\":\"0\"},\"listview\":{\"list_width\":\"\",\"list_sql\":\"\",\"is_list_sort\":\"1\",\"list_align\":\"left\",\"list_search_op\":\"\",\"list_style\":\"\"},\"dataconfig\":{}}',0,'2017-01-05 14:16:25','2016-12-11 07:03:42',NULL),(580,22,'type','设备类别','VARCHAR','1','0','1',10,10,'1',NULL,'{\"formview\":{\"length_validate\":\"\",\"validate_type\":\"\",\"view_type\":\"selectpicker\",\"lookup_url\":\"\",\"chk_style\":\"radio\",\"select_search\":\"false\",\"select_multi\":\"false\",\"is_form_readonly\":\"0\"},\"listview\":{\"list_width\":\"\",\"list_sql\":\"select lkey from k_lookup where enabled = 0 and ltid = \'deviceTypeCategory\' and lvalue = ?\",\"is_list_sort\":\"1\",\"list_align\":\"left\",\"list_search_op\":\"=\",\"list_style\":\"\"},\"dataconfig\":{}}',0,'2017-01-05 13:24:48','2016-12-11 07:03:42','/kconf/lookup/json?typeid=deviceTypeCategory'),(581,37,'id','ID','VARCHAR','1','0','0',0,0,'0',NULL,'{\"formview\":{},\"listview\":{},\"dataconfig\":{}}',0,'2016-12-15 10:10:14','2016-12-14 21:40:24',NULL),(582,37,'pid','工程项目ID','VARCHAR','1','0','0',5,5,'0',NULL,'{\"formview\":{},\"listview\":{},\"dataconfig\":{}}',0,'2016-12-15 10:10:22','2016-12-14 21:40:25',NULL),(583,37,'name','名称','VARCHAR','1','0','1',10,10,'1',NULL,NULL,0,'2016-12-14 21:40:25','2016-12-14 21:40:25',NULL),(584,37,'plantime','计划时间','TIMESTAMP','1','0','1',15,15,'1',NULL,'{\"formview\":{\"length_validate\":\"\",\"validate_type\":\"\",\"view_type\":\"datepicker\",\"lookup_url\":\"\",\"chk_style\":\"radio\",\"select_search\":\"false\",\"select_multi\":\"false\",\"is_form_readonly\":\"0\"},\"listview\":{\"list_width\":\"\",\"list_sql\":\"\",\"is_list_sort\":\"1\",\"list_align\":\"left\",\"list_search_op\":\"\",\"list_style\":\"\"},\"dataconfig\":{}}',0,'2016-12-15 10:13:10','2016-12-14 21:40:25',NULL),(585,37,'flow','验收阶段','VARCHAR','1','0','1',20,20,'1',NULL,'{\"formview\":{\"length_validate\":\"\",\"validate_type\":\"\",\"view_type\":\"selectpicker\",\"lookup_url\":\"\",\"chk_style\":\"radio\",\"select_search\":\"false\",\"select_multi\":\"false\",\"is_form_readonly\":\"0\"},\"listview\":{\"list_width\":\"\",\"list_sql\":\"\",\"is_list_sort\":\"1\",\"list_align\":\"left\",\"list_search_op\":\"\",\"list_style\":\"\"},\"dataconfig\":{}}',1,'2016-12-15 10:52:54','2016-12-14 21:40:25','/app/cardtype/json'),(586,37,'devicetype','设备类型','VARCHAR','1','0','1',25,1,'1',NULL,'{\"formview\":{\"length_validate\":\"\",\"validate_type\":\"\",\"view_type\":\"selectpicker\",\"lookup_url\":\"\",\"chk_style\":\"radio\",\"select_search\":\"false\",\"select_multi\":\"false\",\"is_form_readonly\":\"0\"},\"listview\":{\"list_width\":\"\",\"list_sql\":\"\",\"is_list_sort\":\"1\",\"list_align\":\"left\",\"list_search_op\":\"\",\"list_style\":\"\"},\"dataconfig\":{}}',0,'2016-12-26 20:36:17','2016-12-14 21:40:25','/app/devicetype/deviceTypeName'),(587,37,'remark','备注','TEXT','1','0','0',30,30,'0',NULL,'{\"formview\":{},\"listview\":{},\"dataconfig\":{}}',0,'2016-12-15 10:10:37','2016-12-14 21:40:25',NULL),(588,37,'enabled','是否删除：1删除、0不删除','INT','1','0','0',35,35,'0',NULL,NULL,0,'2016-12-14 21:40:25','2016-12-14 21:40:25',NULL),(589,37,'createtime','创建时间','TIMESTAMP','1','0','0',40,40,'0',NULL,'{\"formview\":{},\"listview\":{},\"dataconfig\":{}}',0,'2016-12-15 10:10:49','2016-12-14 21:40:25',NULL),(590,37,'updatetime','更新时间','TIMESTAMP','1','0','0',45,45,'0',NULL,'{\"formview\":{},\"listview\":{},\"dataconfig\":{}}',0,'2016-12-15 10:10:57','2016-12-14 21:40:25',NULL),(591,37,'last_modify_time','最后更新时间','TIMESTAMP','1','0','0',50,50,'0',NULL,NULL,0,'2016-12-14 21:40:25','2016-12-14 21:40:25',NULL),(592,37,'checktype','验收类型','VARCHAR','1','0','1',0,0,'1',NULL,'{\"formview\":{\"length_validate\":\"\",\"validate_type\":\"\",\"view_type\":\"selectpicker\",\"lookup_url\":\"\",\"chk_style\":\"radio\",\"select_search\":\"false\",\"select_multi\":\"false\",\"is_form_readonly\":\"0\"},\"listview\":{\"list_width\":\"\",\"list_sql\":\"\",\"is_list_sort\":\"1\",\"list_align\":\"left\",\"list_search_op\":\"\",\"list_style\":\"\"},\"dataconfig\":{}}',0,'2016-12-15 10:52:42','2016-12-15 10:47:16','/app/cardtype/json'),(593,26,'cheker','复核人','VARCHAR','1','0','1',0,0,'1',NULL,NULL,0,'2016-12-20 18:43:18','2016-12-20 18:43:18',NULL),(594,26,'checktime','复核时间','DATETIME','1','0','1',5,5,'1',NULL,NULL,0,'2016-12-20 18:43:18','2016-12-20 18:43:18',NULL),(595,26,'checkmustclear','限定最迟多久整改','VARCHAR','1','0','1',10,10,'1',NULL,NULL,0,'2016-12-20 18:43:18','2016-12-20 18:43:18',NULL),(596,26,'checkimgs','复核失败拍照','VARCHAR','1','0','1',15,15,'1',NULL,NULL,0,'2016-12-20 18:43:18','2016-12-20 18:43:18',NULL),(597,26,'checkremark','复核失败建议','VARCHAR','1','0','1',20,20,'1',NULL,NULL,0,'2016-12-20 18:43:18','2016-12-20 18:43:18',NULL),(598,26,'checkresult','复核结果：Y通过，N未通过','VARCHAR','1','0','1',25,25,'1',NULL,NULL,0,'2016-12-20 18:43:18','2016-12-20 18:43:18',NULL),(599,38,'id','ID','VARCHAR','1','0','1',0,0,'1',NULL,NULL,0,'2016-12-22 14:19:45','2016-12-22 14:19:45',NULL),(600,38,'pid','工程项目ID','VARCHAR','1','0','1',5,5,'1',NULL,NULL,0,'2016-12-22 14:19:45','2016-12-22 14:19:45',NULL),(601,38,'name','名称','VARCHAR','1','0','1',10,10,'1',NULL,NULL,0,'2016-12-22 14:19:45','2016-12-22 14:19:45',NULL),(602,38,'paid','pro_project_attachment.id','VARCHAR','1','0','1',15,15,'1',NULL,NULL,0,'2016-12-22 14:19:45','2016-12-22 14:19:45',NULL),(603,38,'img_path','存储的路径','VARCHAR','1','0','1',20,20,'1',NULL,NULL,0,'2016-12-22 14:19:45','2016-12-22 14:19:45',NULL),(604,38,'remark','备注','TEXT','1','0','1',25,25,'1',NULL,NULL,0,'2016-12-22 14:19:45','2016-12-22 14:19:45',NULL),(605,38,'sort','排序','INT','1','0','1',30,30,'1',NULL,NULL,0,'2016-12-22 14:19:45','2016-12-22 14:19:45',NULL),(606,38,'dlt','是否删除：1删除、0不删除','INT','1','0','1',35,35,'1',NULL,NULL,0,'2016-12-22 14:19:45','2016-12-22 14:19:45',NULL),(607,38,'enabled','是否删除：1删除、0不删除','INT','1','0','0',40,40,'0',NULL,NULL,0,'2016-12-22 14:19:45','2016-12-22 14:19:45',NULL),(608,38,'createtime','创建时间','TIMESTAMP','1','0','1',45,45,'1',NULL,NULL,0,'2016-12-22 14:19:45','2016-12-22 14:19:45',NULL),(609,38,'updatetime','更新时间','TIMESTAMP','1','0','1',50,50,'1',NULL,NULL,0,'2016-12-22 14:19:45','2016-12-22 14:19:45',NULL),(610,38,'last_modify_time','最后更新时间','TIMESTAMP','1','0','0',55,55,'0',NULL,NULL,0,'2016-12-22 14:19:45','2016-12-22 14:19:45',NULL),(611,39,'id','ID','VARCHAR','1','0','1',0,0,'1',NULL,'{\"formview\":{},\"listview\":{},\"dataconfig\":{}}',0,'2017-01-04 14:53:10','2016-12-23 14:42:22',NULL),(612,39,'docid','doc表ID','VARCHAR','1','0','1',5,5,'1',NULL,NULL,0,'2016-12-23 14:42:22','2016-12-23 14:42:22',NULL),(613,39,'pid','组别','VARCHAR','1','0','1',10,10,'1',NULL,NULL,0,'2016-12-23 14:42:22','2016-12-23 14:42:22',NULL),(614,39,'isgroup','0表示该条记录是group','BIT','1','0','1',15,15,'1',NULL,NULL,0,'2016-12-23 14:42:22','2016-12-23 14:42:22',NULL),(615,39,'name','名称','VARCHAR','1','0','1',20,20,'1',NULL,NULL,0,'2016-12-23 14:42:22','2016-12-23 14:42:22',NULL),(616,39,'unit','单位','VARCHAR','1','0','1',25,25,'1',NULL,NULL,0,'2016-12-23 14:42:22','2016-12-23 14:42:22',NULL),(617,39,'key_','标示类型','VARCHAR','1','0','1',30,30,'1',NULL,NULL,0,'2016-12-23 14:42:22','2016-12-23 14:42:22',NULL),(618,39,'type','输入类型：date,number,text,sign','VARCHAR','1','0','1',35,35,'1',NULL,NULL,0,'2016-12-23 14:42:22','2016-12-23 14:42:22',NULL),(619,39,'default_value','project.name 表和字段名','VARCHAR','1','0','1',40,40,'1',NULL,NULL,0,'2016-12-23 14:42:22','2016-12-23 14:42:22',NULL),(620,39,'remark','备注','TEXT','1','0','1',45,45,'1',NULL,NULL,0,'2016-12-23 14:42:22','2016-12-23 14:42:22',NULL),(621,39,'sort','排序','INT','1','0','1',50,50,'1',NULL,NULL,0,'2016-12-23 14:42:22','2016-12-23 14:42:22',NULL),(622,39,'dlt','是否删除：1删除、0不删除','INT','1','0','1',55,55,'1',NULL,NULL,0,'2016-12-23 14:42:22','2016-12-23 14:42:22',NULL),(623,39,'enabled','是否删除：1删除、0不删除','INT','1','0','0',60,60,'0',NULL,NULL,0,'2016-12-23 14:42:22','2016-12-23 14:42:22',NULL),(624,39,'createtime','创建时间','TIMESTAMP','1','0','1',65,65,'1',NULL,NULL,0,'2016-12-23 14:42:22','2016-12-23 14:42:22',NULL),(625,39,'updatetime','更新时间','TIMESTAMP','1','0','1',70,70,'1',NULL,NULL,0,'2016-12-23 14:42:22','2016-12-23 14:42:22',NULL),(626,39,'last_modify_time','最后更新时间','TIMESTAMP','1','0','0',75,75,'0',NULL,NULL,0,'2016-12-23 14:42:22','2016-12-23 14:42:22',NULL),(627,40,'id','ID','VARCHAR','1','0','1',0,0,'1',NULL,NULL,0,'2016-12-23 14:42:22','2016-12-23 14:42:22',NULL),(628,40,'docid','doc表ID','VARCHAR','1','0','1',5,5,'1',NULL,NULL,0,'2016-12-23 14:42:22','2016-12-23 14:42:22',NULL),(629,40,'dfid','doc_field.id','VARCHAR','1','0','1',10,10,'1',NULL,NULL,0,'2016-12-23 14:42:22','2016-12-23 14:42:22',NULL),(630,40,'pid','projectId','VARCHAR','1','0','1',15,15,'1',NULL,NULL,0,'2016-12-23 14:42:22','2016-12-23 14:42:22',NULL),(631,40,'groupid','随机生成，同一组输入保持一致。','VARCHAR','1','0','1',20,20,'1',NULL,NULL,0,'2016-12-23 14:42:22','2016-12-23 14:42:22',NULL),(632,40,'name','名称','VARCHAR','1','0','1',25,25,'1',NULL,NULL,0,'2016-12-23 14:42:22','2016-12-23 14:42:22',NULL),(633,40,'unit','单位','VARCHAR','1','0','1',30,30,'1',NULL,NULL,0,'2016-12-23 14:42:22','2016-12-23 14:42:22',NULL),(634,40,'key_','标示类型','VARCHAR','1','0','1',35,35,'1',NULL,NULL,0,'2016-12-23 14:42:22','2016-12-23 14:42:22',NULL),(635,40,'type','输入类型：date,number,text,sign','VARCHAR','1','0','1',40,40,'1',NULL,NULL,0,'2016-12-23 14:42:22','2016-12-23 14:42:22',NULL),(636,40,'value','输入的值','TEXT','1','0','1',45,45,'1',NULL,NULL,0,'2016-12-23 14:42:22','2016-12-23 14:42:22',NULL),(637,40,'remark','备注','TEXT','1','0','1',50,50,'1',NULL,NULL,0,'2016-12-23 14:42:22','2016-12-23 14:42:22',NULL),(638,40,'sort','排序','INT','1','0','1',55,55,'1',NULL,NULL,0,'2016-12-23 14:42:22','2016-12-23 14:42:22',NULL),(639,40,'dlt','是否删除：1删除、0不删除','INT','1','0','1',60,60,'1',NULL,NULL,0,'2016-12-23 14:42:22','2016-12-23 14:42:22',NULL),(640,40,'enabled','是否删除：1删除、0不删除','INT','1','0','0',65,65,'0',NULL,NULL,0,'2016-12-23 14:42:22','2016-12-23 14:42:22',NULL),(641,40,'createtime','创建时间','TIMESTAMP','1','0','1',70,70,'1',NULL,NULL,0,'2016-12-23 14:42:22','2016-12-23 14:42:22',NULL),(642,40,'updatetime','更新时间','TIMESTAMP','1','0','1',75,75,'1',NULL,NULL,0,'2016-12-23 14:42:22','2016-12-23 14:42:22',NULL),(643,40,'last_modify_time','最后更新时间','TIMESTAMP','1','0','0',80,80,'0',NULL,NULL,0,'2016-12-23 14:42:22','2016-12-23 14:42:22',NULL),(644,41,'id','ID','VARCHAR','1','0','1',0,0,'1',NULL,NULL,0,'2016-12-23 14:42:22','2016-12-23 14:42:22',NULL),(645,41,'pid','父ID','VARCHAR','1','0','1',5,5,'1',NULL,NULL,0,'2016-12-23 14:42:22','2016-12-23 14:42:22',NULL),(646,41,'name','名称','VARCHAR','1','0','1',10,10,'1',NULL,NULL,0,'2016-12-23 14:42:22','2016-12-23 14:42:22',NULL),(647,41,'key_','标示类型','VARCHAR','1','0','1',15,15,'1',NULL,NULL,0,'2016-12-23 14:42:22','2016-12-23 14:42:22',NULL),(648,41,'type','doc表示文档,table表示表格样式','VARCHAR','1','0','1',20,20,'1',NULL,NULL,0,'2016-12-23 14:42:22','2016-12-23 14:42:22',NULL),(649,41,'tpl_path','存储的路径','VARCHAR','1','0','1',25,25,'1',NULL,NULL,0,'2016-12-23 14:42:23','2016-12-23 14:42:23',NULL),(650,41,'thumb_path','缩略图路径','VARCHAR','1','0','1',30,30,'1',NULL,NULL,0,'2016-12-23 14:42:23','2016-12-23 14:42:23',NULL),(651,41,'have_sign','0表示没有签字，非零表示有签字','INT UNSIGNED','1','0','1',35,35,'1',NULL,NULL,0,'2016-12-23 14:42:23','2016-12-23 14:42:23',NULL),(652,41,'remark','备注','TEXT','1','0','1',40,40,'1',NULL,NULL,0,'2016-12-23 14:42:23','2016-12-23 14:42:23',NULL),(653,41,'sort','排序','INT','1','0','1',45,45,'1',NULL,NULL,0,'2016-12-23 14:42:23','2016-12-23 14:42:23',NULL),(654,41,'dlt','是否删除：1删除、0不删除','INT','1','0','1',50,50,'1',NULL,NULL,0,'2016-12-23 14:42:23','2016-12-23 14:42:23',NULL),(655,41,'enabled','是否删除：1删除、0不删除','INT','1','0','0',55,55,'0',NULL,NULL,0,'2016-12-23 14:42:23','2016-12-23 14:42:23',NULL),(656,41,'createtime','创建时间','TIMESTAMP','1','0','1',60,60,'1',NULL,NULL,0,'2016-12-23 14:42:23','2016-12-23 14:42:23',NULL),(657,41,'updatetime','更新时间','TIMESTAMP','1','0','1',65,65,'1',NULL,NULL,0,'2016-12-23 14:42:23','2016-12-23 14:42:23',NULL),(658,41,'last_modify_time','最后更新时间','TIMESTAMP','1','0','0',70,70,'0',NULL,NULL,0,'2016-12-23 14:42:23','2016-12-23 14:42:23',NULL),(659,42,'id','ID','VARCHAR','1','0','1',0,0,'1',NULL,NULL,0,'2016-12-23 14:42:23','2016-12-23 14:42:23',NULL),(660,42,'docid','doc表ID','VARCHAR','1','0','1',5,5,'1',NULL,NULL,0,'2016-12-23 14:42:23','2016-12-23 14:42:23',NULL),(661,42,'dfid','doc_field.id','VARCHAR','1','0','1',10,10,'1',NULL,NULL,0,'2016-12-23 14:42:23','2016-12-23 14:42:23',NULL),(662,42,'pid','projectId','VARCHAR','1','0','1',15,15,'1',NULL,NULL,0,'2016-12-23 14:42:23','2016-12-23 14:42:23',NULL),(663,42,'key_','标示类型','VARCHAR','1','0','1',20,20,'1',NULL,NULL,0,'2016-12-23 14:42:23','2016-12-23 14:42:23',NULL),(664,42,'value','group的值','TEXT','1','0','1',25,25,'1',NULL,NULL,0,'2016-12-23 14:42:23','2016-12-23 14:42:23',NULL),(665,42,'remark','备注','TEXT','1','0','1',30,30,'1',NULL,NULL,0,'2016-12-23 14:42:23','2016-12-23 14:42:23',NULL),(666,42,'sort','排序','INT','1','0','1',35,35,'1',NULL,NULL,0,'2016-12-23 14:42:23','2016-12-23 14:42:23',NULL),(667,42,'dlt','是否删除：1删除、0不删除','INT','1','0','1',40,40,'1',NULL,NULL,0,'2016-12-23 14:42:23','2016-12-23 14:42:23',NULL),(668,42,'enabled','是否删除：1删除、0不删除','INT','1','0','0',45,45,'0',NULL,NULL,0,'2016-12-23 14:42:23','2016-12-23 14:42:23',NULL),(669,42,'createtime','创建时间','TIMESTAMP','1','0','1',50,50,'1',NULL,NULL,0,'2016-12-23 14:42:23','2016-12-23 14:42:23',NULL),(670,42,'updatetime','更新时间','TIMESTAMP','1','0','1',55,55,'1',NULL,NULL,0,'2016-12-23 14:42:23','2016-12-23 14:42:23',NULL),(671,42,'last_modify_time','最后更新时间','TIMESTAMP','1','0','0',60,60,'0',NULL,NULL,0,'2016-12-23 14:42:23','2016-12-23 14:42:23',NULL),(672,43,'id','默认同pms_obj_id','VARCHAR','1','0','0',0,0,'0',NULL,'{\"formview\":{},\"listview\":{},\"dataconfig\":{}}',0,'2016-12-27 11:12:47','2016-12-26 18:04:43',NULL),(673,43,'pms_DZLX',NULL,'VARCHAR','1','0','0',5,5,'0',NULL,'{\"formview\":{},\"listview\":{},\"dataconfig\":{}}',0,'2016-12-27 11:12:54','2016-12-26 18:04:43',NULL),(674,43,'pms_WHDJ',NULL,'VARCHAR','1','0','0',10,10,'0',NULL,'{\"formview\":{},\"listview\":{},\"dataconfig\":{}}',0,'2016-12-27 11:13:07','2016-12-26 18:04:43',NULL),(675,43,'pms_YXZT',NULL,'VARCHAR','1','0','0',15,15,'0',NULL,'{\"formview\":{},\"listview\":{},\"dataconfig\":{}}',0,'2016-12-27 11:14:11','2016-12-26 18:04:43',NULL),(676,43,'pms_WHBZ',NULL,'VARCHAR','1','0','0',20,20,'0',NULL,'{\"formview\":{},\"listview\":{},\"dataconfig\":{}}',0,'2016-12-27 11:14:57','2016-12-26 18:04:43',NULL),(677,43,'pms_BDZMC','变电站名称','VARCHAR','1','0','1',25,25,'1',NULL,'{\"formview\":{},\"listview\":{},\"dataconfig\":{}}',0,'2016-12-27 11:20:03','2016-12-26 18:04:43',NULL),(678,43,'pms_BZFS',NULL,'VARCHAR','1','0','0',30,30,'0',NULL,'{\"formview\":{},\"listview\":{},\"dataconfig\":{}}',0,'2016-12-27 11:15:33','2016-12-26 18:04:43',NULL),(679,43,'pms_SFSNZ',NULL,'VARCHAR','1','0','0',35,35,'0',NULL,'{\"formview\":{},\"listview\":{},\"dataconfig\":{}}',0,'2016-12-27 11:15:41','2016-12-26 18:04:43',NULL),(680,43,'pms_TYRQ',NULL,'VARCHAR','1','0','0',40,40,'0',NULL,'{\"formview\":{},\"listview\":{},\"dataconfig\":{}}',0,'2016-12-27 11:15:47','2016-12-26 18:04:43',NULL),(681,43,'pms_obj_id',NULL,'VARCHAR','1','0','0',45,45,'0',NULL,'{\"formview\":{},\"listview\":{},\"dataconfig\":{}}',0,'2016-12-27 11:15:52','2016-12-26 18:04:43',NULL),(682,43,'pms_DYDJ','电压等级','VARCHAR','1','0','1',50,50,'1',NULL,'{\"formview\":{\"length_validate\":\"\",\"validate_type\":\"\",\"view_type\":\"text\",\"lookup_url\":\"\",\"chk_style\":\"radio\",\"select_search\":\"false\",\"select_multi\":\"false\",\"is_form_readonly\":\"0\"},\"listview\":{\"list_width\":\"\",\"list_sql\":\"select text from pms_dict where enabled = 0 and  `key` = ?\",\"is_list_sort\":\"1\",\"list_align\":\"left\",\"list_search_op\":\"\",\"list_style\":\"\"},\"dataconfig\":{}}',0,'2016-12-27 12:15:08','2016-12-26 18:04:43',NULL),(683,43,'remark','备注','TEXT','1','0','0',55,55,'0',NULL,'{\"formview\":{},\"listview\":{},\"dataconfig\":{}}',0,'2016-12-27 11:19:38','2016-12-26 18:04:43',NULL),(684,43,'dlt','是否删除：1删除、0不删除','INT','1','0','0',60,60,'0',NULL,'{\"formview\":{},\"listview\":{},\"dataconfig\":{}}',0,'2016-12-27 11:16:14','2016-12-26 18:04:43',NULL),(685,43,'enabled','是否删除：1删除、0不删除','INT','1','0','0',65,65,'0',NULL,NULL,0,'2016-12-26 18:04:43','2016-12-26 18:04:43',NULL),(686,43,'createtime','创建时间','TIMESTAMP','1','0','0',70,70,'0',NULL,'{\"formview\":{},\"listview\":{},\"dataconfig\":{}}',0,'2016-12-27 11:15:59','2016-12-26 18:04:43',NULL),(687,43,'updatetime','更新时间','TIMESTAMP','1','0','0',75,75,'0',NULL,'{\"formview\":{},\"listview\":{},\"dataconfig\":{}}',0,'2016-12-27 11:16:07','2016-12-26 18:04:43',NULL),(688,43,'last_modify_time','最后更新时间','TIMESTAMP','1','0','0',80,80,'0',NULL,NULL,0,'2016-12-26 18:04:43','2016-12-26 18:04:43',NULL),(689,44,'id','默认同pms_obj_id','VARCHAR','1','0','1',0,0,'1',NULL,NULL,0,'2016-12-26 18:04:43','2016-12-26 18:04:43',NULL),(690,44,'bid','变电站ID','VARCHAR','1','0','1',5,5,'1',NULL,NULL,0,'2016-12-26 18:04:43','2016-12-26 18:04:43',NULL),(691,44,'sid','间隔ID','VARCHAR','1','0','1',10,10,'1',NULL,NULL,0,'2016-12-26 18:04:43','2016-12-26 18:04:43',NULL),(692,44,'one','是否是一次：yes，no','VARCHAR','1','0','1',15,15,'1',NULL,NULL,0,'2016-12-26 18:04:43','2016-12-26 18:04:43',NULL),(693,44,'second','是否是二次：yes，no','VARCHAR','1','0','1',20,20,'1',NULL,NULL,0,'2016-12-26 18:04:43','2016-12-26 18:04:43',NULL),(694,44,'pms_XS','','VARCHAR','1','0','1',25,25,'1',NULL,NULL,0,'2016-12-26 18:04:43','2016-12-26 18:04:43',NULL),(695,44,'pms_YXBH','','VARCHAR','1','0','1',30,30,'1',NULL,NULL,0,'2016-12-26 18:04:43','2016-12-26 18:04:43',NULL),(696,44,'pms_DXMPYXKID','','VARCHAR','1','0','1',35,35,'1',NULL,NULL,0,'2016-12-26 18:04:43','2016-12-26 18:04:43',NULL),(697,44,'pms_SBMC','','VARCHAR','1','0','1',40,40,'1',NULL,NULL,0,'2016-12-26 18:04:43','2016-12-26 18:04:43',NULL),(698,44,'pms_YXZT','','VARCHAR','1','0','1',45,45,'1',NULL,NULL,0,'2016-12-26 18:04:43','2016-12-26 18:04:43',NULL),(699,44,'pms_yzz','','VARCHAR','1','0','1',50,50,'1',NULL,NULL,0,'2016-12-26 18:04:43','2016-12-26 18:04:43',NULL),(700,44,'pms_JGDY','','VARCHAR','1','0','1',55,55,'1',NULL,NULL,0,'2016-12-26 18:04:43','2016-12-26 18:04:43',NULL),(701,44,'pms_SBLX','','VARCHAR','1','0','1',60,60,'1',NULL,NULL,0,'2016-12-26 18:04:43','2016-12-26 18:04:43',NULL),(702,44,'pms_obj_id','','VARCHAR','1','0','1',65,65,'1',NULL,NULL,0,'2016-12-26 18:04:43','2016-12-26 18:04:43',NULL),(703,44,'pms_DYDJ','','VARCHAR','1','0','1',70,70,'1',NULL,NULL,0,'2016-12-26 18:04:43','2016-12-26 18:04:43',NULL),(704,44,'pms_YGLTX','','VARCHAR','1','0','1',75,75,'1',NULL,NULL,0,'2016-12-26 18:04:43','2016-12-26 18:04:43',NULL),(705,44,'remark','备注','TEXT','1','0','1',80,80,'1',NULL,NULL,0,'2016-12-26 18:04:43','2016-12-26 18:04:43',NULL),(706,44,'dlt','是否删除：1删除、0不删除','INT','1','0','1',85,85,'1',NULL,NULL,0,'2016-12-26 18:04:43','2016-12-26 18:04:43',NULL),(707,44,'enabled','是否删除：1删除、0不删除','INT','1','0','0',90,90,'0',NULL,NULL,0,'2016-12-26 18:04:43','2016-12-26 18:04:43',NULL),(708,44,'createtime','创建时间','TIMESTAMP','1','0','1',95,95,'1',NULL,NULL,0,'2016-12-26 18:04:43','2016-12-26 18:04:43',NULL),(709,44,'updatetime','更新时间','TIMESTAMP','1','0','1',100,100,'1',NULL,NULL,0,'2016-12-26 18:04:43','2016-12-26 18:04:43',NULL),(710,44,'last_modify_time','最后更新时间','TIMESTAMP','1','0','0',105,105,'0',NULL,NULL,0,'2016-12-26 18:04:43','2016-12-26 18:04:43',NULL),(711,45,'id','type+key','VARCHAR','1','0','1',0,0,'1',NULL,NULL,0,'2016-12-26 18:04:43','2016-12-26 18:04:43',NULL),(712,45,'type','类型','VARCHAR','1','0','1',5,5,'1',NULL,NULL,0,'2016-12-26 18:04:43','2016-12-26 18:04:43',NULL),(713,45,'key','key','VARCHAR','1','0','1',10,10,'1',NULL,NULL,0,'2016-12-26 18:04:43','2016-12-26 18:04:43',NULL),(714,45,'text','显示的文本','VARCHAR','1','0','1',15,15,'1',NULL,NULL,0,'2016-12-26 18:04:43','2016-12-26 18:04:43',NULL),(715,45,'remark','备注','TEXT','1','0','1',20,20,'1',NULL,NULL,0,'2016-12-26 18:04:43','2016-12-26 18:04:43',NULL),(716,45,'dlt','是否删除：1删除、0不删除','INT','1','0','1',25,25,'1',NULL,NULL,0,'2016-12-26 18:04:43','2016-12-26 18:04:43',NULL),(717,45,'enabled','是否删除：1删除、0不删除','INT','1','0','0',30,30,'0',NULL,NULL,0,'2016-12-26 18:04:43','2016-12-26 18:04:43',NULL),(718,45,'createtime','创建时间','TIMESTAMP','1','0','1',35,35,'1',NULL,NULL,0,'2016-12-26 18:04:43','2016-12-26 18:04:43',NULL),(719,45,'updatetime','更新时间','TIMESTAMP','1','0','1',40,40,'1',NULL,NULL,0,'2016-12-26 18:04:43','2016-12-26 18:04:43',NULL),(720,45,'last_modify_time','最后更新时间','TIMESTAMP','1','0','0',45,45,'0',NULL,NULL,0,'2016-12-26 18:04:43','2016-12-26 18:04:43',NULL),(721,46,'id','默认同pms_obj_id','VARCHAR','1','0','1',0,0,'1',NULL,NULL,0,'2016-12-26 18:04:43','2016-12-26 18:04:43',NULL),(722,46,'bid','变电站ID','VARCHAR','1','0','1',5,5,'1',NULL,NULL,0,'2016-12-26 18:04:43','2016-12-26 18:04:43',NULL),(723,46,'one','是否是一次：yes，no','VARCHAR','1','0','1',10,10,'1',NULL,NULL,0,'2016-12-26 18:04:43','2016-12-26 18:04:43',NULL),(724,46,'second','是否是二次：yes，no','VARCHAR','1','0','1',15,15,'1',NULL,NULL,0,'2016-12-26 18:04:43','2016-12-26 18:04:43',NULL),(725,46,'pms_SSZF','','VARCHAR','1','0','1',20,20,'1',NULL,NULL,0,'2016-12-26 18:04:43','2016-12-26 18:04:43',NULL),(726,46,'pms_DDDW','','VARCHAR','1','0','1',25,25,'1',NULL,NULL,0,'2016-12-26 18:04:43','2016-12-26 18:04:43',NULL),(727,46,'pms_JGDYMC','','VARCHAR','1','0','1',30,30,'1',NULL,NULL,0,'2016-12-26 18:04:43','2016-12-26 18:04:43',NULL),(728,46,'pms_JXFS','','VARCHAR','1','0','1',35,35,'1',NULL,NULL,0,'2016-12-26 18:04:43','2016-12-26 18:04:43',NULL),(729,46,'pms_JGDYLX','','VARCHAR','1','0','1',40,40,'1',NULL,NULL,0,'2016-12-26 18:04:44','2016-12-26 18:04:44',NULL),(730,46,'pms_obj_id','','VARCHAR','1','0','1',45,45,'1',NULL,NULL,0,'2016-12-26 18:04:44','2016-12-26 18:04:44',NULL),(731,46,'pms_DYDJ','','VARCHAR','1','0','1',50,50,'1',NULL,NULL,0,'2016-12-26 18:04:44','2016-12-26 18:04:44',NULL),(732,46,'pms_JGDYBH','','VARCHAR','1','0','1',55,55,'1',NULL,NULL,0,'2016-12-26 18:04:44','2016-12-26 18:04:44',NULL),(733,46,'remark','备注','TEXT','1','0','1',60,60,'1',NULL,NULL,0,'2016-12-26 18:04:44','2016-12-26 18:04:44',NULL),(734,46,'dlt','是否删除：1删除、0不删除','INT','1','0','1',65,65,'1',NULL,NULL,0,'2016-12-26 18:04:44','2016-12-26 18:04:44',NULL),(735,46,'enabled','是否删除：1删除、0不删除','INT','1','0','0',70,70,'0',NULL,NULL,0,'2016-12-26 18:04:44','2016-12-26 18:04:44',NULL),(736,46,'createtime','创建时间','TIMESTAMP','1','0','1',75,75,'1',NULL,NULL,0,'2016-12-26 18:04:44','2016-12-26 18:04:44',NULL),(737,46,'updatetime','更新时间','TIMESTAMP','1','0','1',80,80,'1',NULL,NULL,0,'2016-12-26 18:04:44','2016-12-26 18:04:44',NULL),(738,46,'last_modify_time','最后更新时间','TIMESTAMP','1','0','0',85,85,'0',NULL,NULL,0,'2016-12-26 18:04:44','2016-12-26 18:04:44',NULL),(739,47,'id','ID','VARCHAR','1','0','1',0,0,'1',NULL,NULL,0,'2016-12-26 18:04:45','2016-12-26 18:04:45',NULL),(740,47,'did','设备ID','VARCHAR','1','0','1',5,5,'1',NULL,NULL,0,'2016-12-26 18:04:45','2016-12-26 18:04:45',NULL),(741,47,'iid','问题ID','VARCHAR','1','0','1',10,10,'1',NULL,NULL,0,'2016-12-26 18:04:45','2016-12-26 18:04:45',NULL),(742,47,'remark','备注','TEXT','1','0','1',15,15,'1',NULL,NULL,0,'2016-12-26 18:04:45','2016-12-26 18:04:45',NULL),(743,47,'dlt','是否删除：1删除、0不删除','INT','1','0','1',20,20,'1',NULL,NULL,0,'2016-12-26 18:04:45','2016-12-26 18:04:45',NULL),(744,47,'enabled','是否删除：1删除、0不删除','INT','1','0','0',25,25,'0',NULL,NULL,0,'2016-12-26 18:04:45','2016-12-26 18:04:45',NULL),(745,47,'createtime','创建时间','TIMESTAMP','1','0','1',30,30,'1',NULL,NULL,0,'2016-12-26 18:04:45','2016-12-26 18:04:45',NULL),(746,47,'updatetime','更新时间','TIMESTAMP','1','0','1',35,35,'1',NULL,NULL,0,'2016-12-26 18:04:45','2016-12-26 18:04:45',NULL),(747,47,'last_modify_time','最后更新时间','TIMESTAMP','1','0','0',40,40,'0',NULL,NULL,0,'2016-12-26 18:04:45','2016-12-26 18:04:45',NULL),(748,48,'id','ID','VARCHAR','1','0','1',0,0,'1',NULL,NULL,0,'2016-12-26 18:04:45','2016-12-26 18:04:45',NULL),(749,48,'did','设备ID','VARCHAR','1','0','1',5,5,'1',NULL,NULL,0,'2016-12-26 18:04:45','2016-12-26 18:04:45',NULL),(750,48,'tid','任务ID','VARCHAR','1','0','1',10,10,'1',NULL,NULL,0,'2016-12-26 18:04:45','2016-12-26 18:04:45',NULL),(751,48,'remark','备注','TEXT','1','0','1',15,15,'1',NULL,NULL,0,'2016-12-26 18:04:45','2016-12-26 18:04:45',NULL),(752,48,'dlt','是否删除：1删除、0不删除','INT','1','0','1',20,20,'1',NULL,NULL,0,'2016-12-26 18:04:45','2016-12-26 18:04:45',NULL),(753,48,'enabled','是否删除：1删除、0不删除','INT','1','0','0',25,25,'0',NULL,NULL,0,'2016-12-26 18:04:45','2016-12-26 18:04:45',NULL),(754,48,'createtime','创建时间','TIMESTAMP','1','0','1',30,30,'1',NULL,NULL,0,'2016-12-26 18:04:45','2016-12-26 18:04:45',NULL),(755,48,'updatetime','更新时间','TIMESTAMP','1','0','1',35,35,'1',NULL,NULL,0,'2016-12-26 18:04:45','2016-12-26 18:04:45',NULL),(756,48,'last_modify_time','最后更新时间','TIMESTAMP','1','0','0',40,40,'0',NULL,NULL,0,'2016-12-26 18:04:45','2016-12-26 18:04:45',NULL),(757,26,'pid','project.id','VARCHAR','1','0','1',0,0,'1',NULL,NULL,0,'2016-12-26 18:04:45','2016-12-26 18:04:45',NULL),(758,26,'flow','流程','VARCHAR','1','0','1',5,5,'1',NULL,NULL,0,'2016-12-26 18:04:45','2016-12-26 18:04:45',NULL),(759,26,'dtid','deviceType.id','VARCHAR','1','0','1',10,10,'1',NULL,NULL,0,'2016-12-26 18:04:45','2016-12-26 18:04:45',NULL),(760,26,'ctid','cardType.id','VARCHAR','1','0','1',15,15,'1',NULL,NULL,0,'2016-12-26 18:04:45','2016-12-26 18:04:45',NULL),(761,26,'sbxh','taskcard.sbxh','VARCHAR','1','0','1',20,20,'1',NULL,NULL,0,'2016-12-26 18:04:45','2016-12-26 18:04:45',NULL),(762,26,'space','间隔','VARCHAR','1','0','1',25,25,'1',NULL,NULL,0,'2016-12-26 18:04:45','2016-12-26 18:04:45',NULL),(763,26,'devicename','设备名称','VARCHAR','1','0','1',30,30,'1',NULL,NULL,0,'2016-12-26 18:04:45','2016-12-26 18:04:45',NULL),(764,37,'finishTime','完成时间','TIMESTAMP','1','0','1',0,16,'1','完成时间','{\"formview\":{\"length_validate\":\"\",\"validate_type\":\"\",\"view_type\":\"datepicker\",\"lookup_url\":\"\",\"chk_style\":\"radio\",\"select_search\":\"false\",\"select_multi\":\"false\",\"is_form_readonly\":\"0\"},\"listview\":{\"list_width\":\"\",\"list_sql\":\"\",\"is_list_sort\":\"1\",\"list_align\":\"left\",\"list_search_op\":\"\",\"list_style\":\"\"},\"dataconfig\":{}}',0,'2016-12-26 20:34:29','2016-12-26 20:27:22',NULL),(765,31,'space','间隔','VARCHAR','1','0','1',0,0,'1',NULL,NULL,0,'2016-12-28 10:06:23','2016-12-28 10:06:23',NULL),(766,49,'id','ID','VARCHAR','1','0','0',0,0,'0',NULL,'{\"formview\":{},\"listview\":{},\"dataconfig\":{}}',0,'2017-01-02 21:30:00','2016-12-30 18:07:21',NULL),(767,49,'riid','result_issue.id','VARCHAR','1','0','0',5,5,'0',NULL,'{\"formview\":{},\"listview\":{},\"dataconfig\":{}}',0,'2017-01-02 21:30:06','2016-12-30 18:07:21',NULL),(768,49,'operator','操作人','VARCHAR','1','0','1',10,10,'1',NULL,NULL,0,'2016-12-30 18:07:21','2016-12-30 18:07:21',NULL),(769,49,'status','状态:create,clear,remain,check_y,check_n','VARCHAR','1','0','0',15,15,'0',NULL,'{\"formview\":{},\"listview\":{},\"dataconfig\":{}}',0,'2017-01-02 21:30:34','2016-12-30 18:07:21',NULL),(770,49,'op_time','操作时间','VARCHAR','1','0','1',20,20,'1',NULL,NULL,0,'2016-12-30 18:07:21','2016-12-30 18:07:21',NULL),(771,49,'op_img','操作图片','VARCHAR','1','0','0',25,25,'0',NULL,'{\"formview\":{},\"listview\":{},\"dataconfig\":{}}',0,'2017-01-02 21:44:54','2016-12-30 18:07:21',NULL),(772,49,'op_content','操作内容','VARCHAR','1','0','1',30,30,'1',NULL,NULL,0,'2016-12-30 18:07:21','2016-12-30 18:07:21',NULL),(773,49,'op_extra','扩展字段.具体含义由内容使用','VARCHAR','1','0','0',35,35,'0',NULL,'{\"formview\":{},\"listview\":{},\"dataconfig\":{}}',0,'2017-01-02 21:30:46','2016-12-30 18:07:21',NULL),(774,49,'remark','备注','TEXT','1','0','0',40,40,'0',NULL,'{\"formview\":{},\"listview\":{},\"dataconfig\":{}}',0,'2017-01-02 21:30:54','2016-12-30 18:07:21',NULL),(775,49,'sort','排序','INT','1','0','0',45,45,'0',NULL,'{\"formview\":{},\"listview\":{},\"dataconfig\":{}}',0,'2017-01-02 21:31:02','2016-12-30 18:07:21',NULL),(776,49,'dlt','是否删除：1删除、0不删除','INT','1','0','0',50,50,'0',NULL,'{\"formview\":{},\"listview\":{},\"dataconfig\":{}}',0,'2017-01-02 21:31:10','2016-12-30 18:07:21',NULL),(777,49,'enabled','是否删除：1删除、0不删除','INT','1','0','0',55,55,'0',NULL,NULL,0,'2016-12-30 18:07:21','2016-12-30 18:07:21',NULL),(778,49,'createtime','创建时间','TIMESTAMP','1','0','0',60,60,'0',NULL,'{\"formview\":{},\"listview\":{},\"dataconfig\":{}}',0,'2017-01-02 21:31:18','2016-12-30 18:07:21',NULL),(779,49,'updatetime','更新时间','TIMESTAMP','1','0','0',65,65,'0',NULL,'{\"formview\":{},\"listview\":{},\"dataconfig\":{}}',0,'2017-01-02 21:31:25','2016-12-30 18:07:21',NULL),(780,49,'last_modify_time','最后更新时间','TIMESTAMP','1','0','0',70,70,'0',NULL,NULL,0,'2016-12-30 18:07:21','2016-12-30 18:07:21',NULL),(781,26,'responsibility','责任单位','VARCHAR','1','0','1',0,0,'1',NULL,NULL,0,'2017-01-05 13:01:26','2017-01-05 13:01:26',NULL),(782,26,'limittime','限期完成时间','TIMESTAMP','1','0','1',5,5,'1',NULL,NULL,0,'2017-01-05 13:01:26','2017-01-05 13:01:26',NULL),(783,17,'lowest','单位最小值','FLOAT','1','0','0',0,11,'1',NULL,'{\"formview\":{\"length_validate\":\"\",\"validate_type\":\"number\",\"view_type\":\"text\",\"lookup_url\":\"\",\"chk_style\":\"radio\",\"select_search\":\"false\",\"select_multi\":\"false\",\"is_form_readonly\":\"0\"},\"listview\":{\"list_width\":\"\",\"list_sql\":\"\",\"is_list_sort\":\"1\",\"list_align\":\"left\",\"list_search_op\":\"\",\"list_style\":\"\"},\"dataconfig\":{}}',0,'2017-01-05 13:27:28','2017-01-05 13:16:35',NULL),(784,17,'highest','单位最大值','FLOAT','1','0','0',5,11,'1',NULL,'{\"formview\":{\"length_validate\":\"\",\"validate_type\":\"number\",\"view_type\":\"text\",\"lookup_url\":\"\",\"chk_style\":\"radio\",\"select_search\":\"false\",\"select_multi\":\"false\",\"is_form_readonly\":\"0\"},\"listview\":{\"list_width\":\"\",\"list_sql\":\"\",\"is_list_sort\":\"1\",\"list_align\":\"left\",\"list_search_op\":\"\",\"list_style\":\"\"},\"dataconfig\":{}}',0,'2017-01-05 13:27:38','2017-01-05 13:16:35',NULL);
/*!40000 ALTER TABLE `k_model_field` ENABLE KEYS */;
UNLOCK TABLES;
/*!40103 SET TIME_ZONE=@OLD_TIME_ZONE */;

/*!40101 SET SQL_MODE=@OLD_SQL_MODE */;
/*!40014 SET FOREIGN_KEY_CHECKS=@OLD_FOREIGN_KEY_CHECKS */;
/*!40014 SET UNIQUE_CHECKS=@OLD_UNIQUE_CHECKS */;
/*!40101 SET CHARACTER_SET_CLIENT=@OLD_CHARACTER_SET_CLIENT */;
/*!40101 SET CHARACTER_SET_RESULTS=@OLD_CHARACTER_SET_RESULTS */;
/*!40101 SET COLLATION_CONNECTION=@OLD_COLLATION_CONNECTION */;
/*!40111 SET SQL_NOTES=@OLD_SQL_NOTES */;

-- Dump completed on 2017-01-07 10:38:26
